vet_name,rating,num_rating,sign_in_time,aquatic,bird,cattle,exotic,pet,reptile,is_new,weighted_score,score,specialties
NEWCOMER Vet_848,1.3999999999999997,152.0,2024-06-13 19:14:06.136077,1,0,0,1,1,1,1,1000000.2822605211,1000008.6,"aquatic, exotic, pet, reptile"
NEWCOMER Vet_649,3.1000000000000005,4.0,2024-06-15 19:14:06.136077,1,0,0,1,1,1,1,1000000.5586012024,1000008.5,"aquatic, exotic, pet, reptile"
NEWCOMER Vet_4,1.0,404.0,2024-06-15 19:14:06.136077,1,0,0,1,1,1,1,1000000.260761523,1000008.4,"aquatic, exotic, pet, reptile"
NEWCOMER Vet_12,0.9,64.0,2024-06-13 19:14:06.136077,1,0,1,1,1,1,1,1000000.1746252505,1000007.94,"aquatic, cattle, exotic, pet, reptile"
NEWCOMER Vet_659,0.6999999999999998,188.0,2024-06-17 19:14:06.136077,1,0,1,1,1,1,1,1000000.1634749499,1000007.8,"aquatic, cattle, exotic, pet, reptile"
NEWCOMER Vet_62,3.1000000000000005,143.0,2024-06-15 19:14:06.136077,1,0,1,1,1,1,1,1000000.5864569139,1000007.4,"aquatic, cattle, exotic, pet, reptile"
NEWCOMER Vet_576,2.0,417.0,2024-06-18 19:14:06.136077,1,0,1,1,1,1,1,1000000.4433667335,1000007.3,"aquatic, cattle, exotic, pet, reptile"
NEWCOMER Vet_758,4.1,166.0,2024-06-18 19:14:06.136077,1,0,1,1,1,1,1,1000000.7710661322,1000007.2,"aquatic, cattle, exotic, pet, reptile"
NEWCOMER Vet_578,3.1000000000000005,345.0,2024-06-19 19:14:06.136077,1,0,1,1,1,1,1,1000000.6269378758,1000007.1,"aquatic, cattle, exotic, pet, reptile"
NEWCOMER Vet_593,4.5,387.0,2024-06-13 19:14:06.136077,1,0,1,1,1,1,1,1000000.8873547094,1000006.9,"aquatic, cattle, exotic, pet, reptile"
NEWCOMER Vet_89,1.3,89.0,2024-06-14 19:14:06.136077,1,0,0,1,0,1,1,1000000.2516352705,1000006.4,"aquatic, exotic, reptile"
NEWCOMER Vet_332,1.8,77.0,2024-06-17 19:14:06.136077,1,0,0,1,0,1,1,1000000.3392304609,1000006.3,"aquatic, exotic, reptile"
NEWCOMER Vet_792,1.9,111.0,2024-06-18 19:14:06.136077,1,0,0,1,0,1,1,1000000.3640440882,1000006.25,"aquatic, exotic, reptile"
NEWCOMER Vet_170,0.10000000000000002,463.0,2024-06-13 19:14:06.136077,1,0,0,1,0,1,1,1000000.1105851703,1000006.2,"aquatic, exotic, reptile"
NEWCOMER Vet_786,1.9,412.0,2024-06-16 19:14:06.136077,1,0,1,1,0,1,1,1000000.4243647294,1000005.0,"aquatic, cattle, exotic, reptile"
NEWCOMER Vet_732,4.2,319.0,2024-06-19 19:14:06.136077,1,0,1,1,0,1,1,1000000.8197274549,1000004.6,"aquatic, cattle, exotic, reptile"
NEWCOMER Vet_697,0.9,41.0,2024-06-18 19:14:06.136077,0,0,0,1,1,1,1,1000000.1700160321,1000003.4,"exotic, pet, reptile"
NEWCOMER Vet_913,1.3,143.0,2024-06-14 19:14:06.136077,0,0,0,1,1,1,1,1000000.2624569138,1000003.2,"exotic, pet, reptile"
NEWCOMER Vet_695,0.3,470.0,2024-06-12 19:14:06.136077,0,0,0,1,1,1,1,1000000.147987976,1000003.06,"exotic, pet, reptile"
NEWCOMER Vet_338,0.20000000000000004,7.0,2024-06-17 19:14:06.136077,0,0,1,1,1,1,1,1000000.0372024048,1000002.7,"cattle, exotic, pet, reptile"
NEWCOMER Vet_351,4.4,213.0,2024-06-16 19:14:06.136077,0,0,0,1,1,1,1,1000000.83448497,1000002.6,"exotic, pet, reptile"
NEWCOMER Vet_660,1.9,72.0,2024-06-17 19:14:06.136077,1,0,0,0,1,1,1,1000000.356228457,1000002.25,"aquatic, pet, reptile"
NEWCOMER Vet_873,1.7,59.0,2024-06-14 19:14:06.136077,1,0,0,0,1,1,1,1000000.3176232465,1000002.25,"aquatic, pet, reptile"
NEWCOMER Vet_411,2.8999999999999995,226.0,2024-06-12 19:14:06.136077,0,0,1,1,1,1,1,1000000.5670901804,1000001.94,"cattle, exotic, pet, reptile"
NEWCOMER Vet_448,2.7,215.0,2024-06-18 19:14:06.136077,1,0,0,0,1,1,1,1000000.5288857715,1000001.94,"aquatic, pet, reptile"
NEWCOMER Vet_257,3.6,145.0,2024-06-14 19:14:06.136077,1,0,0,0,1,1,1,1000000.6768577155,1000001.8,"aquatic, pet, reptile"
NEWCOMER Vet_327,2.5,323.0,2024-06-14 19:14:06.136077,1,0,0,0,1,1,1,1000000.5145290581,1000001.8,"aquatic, pet, reptile"
NEWCOMER Vet_174,3.5,455.0,2024-06-17 19:14:06.136077,0,0,1,1,1,1,1,1000000.7209819639,1000001.5,"cattle, exotic, pet, reptile"
NEWCOMER Vet_192,0.6999999999999998,390.0,2024-06-12 19:14:06.136077,1,0,1,0,1,1,1,1000000.2039559118,1000001.1,"aquatic, cattle, pet, reptile"
NEWCOMER Vet_201,0.6999999999999998,349.0,2024-06-15 19:14:06.136077,0,0,0,1,0,1,1,1000000.1957394789,1000000.9,"exotic, reptile"
NEWCOMER Vet_903,2.7,460.0,2024-06-17 19:14:06.136077,1,0,1,0,1,1,1,1000000.577983968,1000000.75,"aquatic, cattle, pet, reptile"
NEWCOMER Vet_793,2.5,221.0,2024-06-15 19:14:06.136077,0,0,0,1,0,1,1,1000000.4940881764,1000000.6,"exotic, reptile"
NEWCOMER Vet_233,4.5,181.0,2024-06-17 19:14:06.136077,1,0,1,0,1,1,1,1000000.8460721443,1000000.6,"aquatic, cattle, pet, reptile"
NEWCOMER Vet_994,4.5,359.0,2024-06-12 19:14:06.136077,1,0,1,0,1,1,1,1000000.881743487,1000000.56,"aquatic, cattle, pet, reptile"
NEWCOMER Vet_220,4.7,89.0,2024-06-14 19:14:06.136077,0,0,0,1,0,1,1,1000000.8636352705,1000000.4,"exotic, reptile"
NEWCOMER Vet_566,3.7,497.0,2024-06-13 19:14:06.136077,0,0,0,1,0,1,1,1000000.7653987976,1000000.1,"exotic, reptile"
NEWCOMER Vet_606,2.6,59.0,2024-06-15 19:14:06.136077,0,0,1,1,0,1,1,1000000.4796232465,999999.8,"cattle, exotic, reptile"
NEWCOMER Vet_417,0.20000000000000004,490.0,2024-06-15 19:14:06.136077,0,0,1,1,0,1,1,1000000.133995992,999999.75,"cattle, exotic, reptile"
NEWCOMER Vet_503,4.3,301.0,2024-06-12 19:14:06.136077,0,0,1,1,0,1,1,1000000.8341202405,999999.25,"cattle, exotic, reptile"
NEWCOMER Vet_819,0.10000000000000002,233.0,2024-06-18 19:14:06.136077,1,0,1,0,0,1,1,1000000.064492986,999999.1,"aquatic, cattle, reptile"
NEWCOMER Vet_984,0.3,407.0,2024-06-18 19:14:06.136077,1,1,0,1,1,1,1,1000000.1353627255,999998.6,"aquatic, bird, exotic, pet, reptile"
NEWCOMER Vet_830,2.4,155.0,2024-06-13 19:14:06.136077,1,1,0,1,1,1,1,1000000.4628617235,999998.44,"aquatic, bird, exotic, pet, reptile"
NEWCOMER Vet_656,3.2000000000000006,264.0,2024-06-13 19:14:06.136077,1,1,0,1,1,1,1,1000000.6287054109,999998.3,"aquatic, bird, exotic, pet, reptile"
NEWCOMER Vet_557,2.6,288.0,2024-06-18 19:14:06.136077,1,1,0,1,1,1,1,1000000.52551503,999998.25,"aquatic, bird, exotic, pet, reptile"
NEWCOMER Vet_610,3.1000000000000005,166.0,2024-06-12 19:14:06.136077,1,1,0,1,1,1,1,1000000.5910661323,999998.25,"aquatic, bird, exotic, pet, reptile"
NEWCOMER Vet_645,4.5,116.0,2024-06-19 19:14:06.136077,1,1,0,1,1,1,1,1000000.8330460922,999998.1,"aquatic, bird, exotic, pet, reptile"
NEWCOMER Vet_561,0.9,26.0,2024-06-12 19:14:06.136077,1,1,1,1,1,1,1,1000000.16701002,999998.0,"aquatic, bird, cattle, exotic, pet, reptile"
NEWCOMER Vet_785,0.8000000000000002,2.0,2024-06-18 19:14:06.136077,1,1,1,1,1,1,1,1000000.1442004008,999998.0,"aquatic, bird, cattle, exotic, pet, reptile"
NEWCOMER Vet_78,0.9,23.0,2024-06-18 19:14:06.136077,1,1,1,1,1,1,1,1000000.1664088176,999997.94,"aquatic, bird, cattle, exotic, pet, reptile"
NEWCOMER Vet_628,0.5,243.0,2024-06-18 19:14:06.136077,1,1,1,1,1,1,1,1000000.138496994,999997.9,"aquatic, bird, cattle, exotic, pet, reptile"
NEWCOMER Vet_891,0.5,228.0,2024-06-13 19:14:06.136077,1,1,1,1,1,1,1,1000000.135490982,999997.9,"aquatic, bird, cattle, exotic, pet, reptile"
NEWCOMER Vet_813,1.3999999999999997,7.0,2024-06-14 19:14:06.136077,1,1,1,1,1,1,1,1000000.2532024048,999997.9,"aquatic, bird, cattle, exotic, pet, reptile"
NEWCOMER Vet_335,2.1,65.0,2024-06-15 19:14:06.136077,1,1,1,1,1,1,1,1000000.3908256514,999997.8,"aquatic, bird, cattle, exotic, pet, reptile"
NEWCOMER Vet_374,0.20000000000000004,308.0,2024-06-15 19:14:06.136077,1,1,1,1,1,1,1,1000000.0975230461,999997.8,"aquatic, bird, cattle, exotic, pet, reptile"
NEWCOMER Vet_858,0.6999999999999998,184.0,2024-06-14 19:14:06.136077,1,1,1,1,1,1,1,1000000.1626733467,999997.8,"aquatic, bird, cattle, exotic, pet, reptile"
NEWCOMER Vet_166,0.10000000000000002,414.0,2024-06-13 19:14:06.136077,1,1,1,1,1,1,1,1000000.1007655311,999997.75,"aquatic, bird, cattle, exotic, pet, reptile"
NEWCOMER Vet_422,1.3,238.0,2024-06-19 19:14:06.136077,1,1,1,1,1,1,1,1000000.28149499,999997.75,"aquatic, bird, cattle, exotic, pet, reptile"
NEWCOMER Vet_966,2.2,37.0,2024-06-15 19:14:06.136077,1,1,1,1,1,1,1,1000000.4032144288,999997.75,"aquatic, bird, cattle, exotic, pet, reptile"
NEWCOMER Vet_92,0.9,220.0,2024-06-16 19:14:06.136077,1,1,1,1,1,1,1,1000000.2058877755,999997.75,"aquatic, bird, cattle, exotic, pet, reptile"
NEWCOMER Vet_840,2.3,15.0,2024-06-19 19:14:06.136077,1,1,1,1,1,1,1,1000000.4168056112,999997.75,"aquatic, bird, cattle, exotic, pet, reptile"
NEWCOMER Vet_481,1.7,229.0,2024-06-15 19:14:06.136077,1,1,1,1,1,1,1,1000000.3516913828,999997.7,"aquatic, bird, cattle, exotic, pet, reptile"
NEWCOMER Vet_933,2.7999999999999994,92.0,2024-06-18 19:14:06.136077,1,1,1,1,1,1,1,1000000.5222364729,999997.6,"aquatic, bird, cattle, exotic, pet, reptile"
NEWCOMER Vet_828,1.7,206.0,2024-06-16 19:14:06.136077,1,1,1,1,1,1,1,1000000.3470821644,999997.6,"aquatic, bird, cattle, exotic, pet, reptile"
NEWCOMER Vet_253,0.3,426.0,2024-06-16 19:14:06.136077,1,1,1,1,1,1,1,1000000.1391703407,999997.6,"aquatic, bird, cattle, exotic, pet, reptile"
NEWCOMER Vet_42,0.6999999999999998,428.0,2024-06-12 19:14:06.136077,1,1,1,1,1,1,1,1000000.2115711423,999997.6,"aquatic, bird, cattle, exotic, pet, reptile"
NEWCOMER Vet_186,3.1000000000000005,22.0,2024-06-18 19:14:06.136077,1,1,1,1,1,1,1,1000000.5622084169,999997.6,"aquatic, bird, cattle, exotic, pet, reptile"
NEWCOMER Vet_285,1.3999999999999997,274.0,2024-06-15 19:14:06.136077,1,1,1,1,1,1,1,1000000.3067094189,999997.6,"aquatic, bird, cattle, exotic, pet, reptile"
NEWCOMER Vet_129,1.2,360.0,2024-06-19 19:14:06.136077,1,1,1,1,1,1,1,1000000.2879438878,999997.56,"aquatic, bird, cattle, exotic, pet, reptile"
NEWCOMER Vet_306,1.6000000000000003,397.0,2024-06-19 19:14:06.136077,1,1,1,1,1,1,1,1000000.3673587175,999997.5,"aquatic, bird, cattle, exotic, pet, reptile"
NEWCOMER Vet_91,1.9,303.0,2024-06-18 19:14:06.136077,1,1,1,1,1,1,1,1000000.402521042,999997.44,"aquatic, bird, cattle, exotic, pet, reptile"
NEWCOMER Vet_141,2.5,282.0,2024-06-13 19:14:06.136077,1,1,1,1,1,1,1,1000000.5063126252,999997.4,"aquatic, bird, cattle, exotic, pet, reptile"
NEWCOMER Vet_480,3.2000000000000006,98.0,2024-06-19 19:14:06.136077,1,1,1,1,1,1,1,1000000.5954388777,999997.4,"aquatic, bird, cattle, exotic, pet, reptile"
NEWCOMER Vet_154,2.8999999999999995,304.0,2024-06-13 19:14:06.136077,1,1,1,1,1,1,1,1000000.5827214429,999997.25,"aquatic, bird, cattle, exotic, pet, reptile"
NEWCOMER Vet_542,3.6,276.0,2024-06-13 19:14:06.136077,1,1,1,1,1,1,1,1000000.7031102205,999997.25,"aquatic, bird, cattle, exotic, pet, reptile"
NEWCOMER Vet_175,3.6,210.0,2024-06-12 19:14:06.136077,1,1,1,1,1,1,1,1000000.6898837675,999997.25,"aquatic, bird, cattle, exotic, pet, reptile"
NEWCOMER Vet_583,3.3,331.0,2024-06-14 19:14:06.136077,1,1,1,1,1,1,1,1000000.6601322645,999997.2,"aquatic, bird, cattle, exotic, pet, reptile"
NEWCOMER Vet_56,4.9,202.0,2024-06-19 19:14:06.136077,1,1,1,1,1,1,1,1000000.9222805612,999997.1,"aquatic, bird, cattle, exotic, pet, reptile"
NEWCOMER Vet_280,3.7,340.0,2024-06-14 19:14:06.136077,1,1,1,1,1,1,1,1000000.7339358717,999997.1,"aquatic, bird, cattle, exotic, pet, reptile"
NEWCOMER Vet_553,3.2000000000000006,320.0,2024-06-12 19:14:06.136077,1,1,1,1,1,1,1,1000000.6399278557,999997.1,"aquatic, bird, cattle, exotic, pet, reptile"
NEWCOMER Vet_330,3.8,379.0,2024-06-12 19:14:06.136077,1,1,1,1,1,1,1,1000000.759751503,999997.1,"aquatic, bird, cattle, exotic, pet, reptile"
NEWCOMER Vet_545,4.4,288.0,2024-06-12 19:14:06.136077,1,1,1,1,1,1,1,1000000.84951503,999997.1,"aquatic, bird, cattle, exotic, pet, reptile"
NEWCOMER Vet_558,3.3,437.0,2024-06-15 19:14:06.136077,1,1,1,1,1,1,1,1000000.6813747495,999997.06,"aquatic, bird, cattle, exotic, pet, reptile"
NEWCOMER Vet_864,4.8,179.0,2024-06-19 19:14:06.136077,1,1,1,1,1,1,1,1000000.8996713427,999997.06,"aquatic, bird, cattle, exotic, pet, reptile"
NEWCOMER Vet_603,4.0,245.0,2024-06-16 19:14:06.136077,1,1,1,1,1,1,1,1000000.7688977956,999997.06,"aquatic, bird, cattle, exotic, pet, reptile"
NEWCOMER Vet_689,4.3,359.0,2024-06-15 19:14:06.136077,1,1,1,1,1,1,1,1000000.845743487,999997.0,"aquatic, bird, cattle, exotic, pet, reptile"
NEWCOMER Vet_849,4.2,486.0,2024-06-18 19:14:06.136077,1,1,1,1,1,1,1,1000000.8531943888,999996.9,"aquatic, bird, cattle, exotic, pet, reptile"
NEWCOMER Vet_355,0.4000000000000001,402.0,2024-06-19 19:14:06.136077,0,0,0,0,1,1,1,1000000.1523607215,999996.75,"pet, reptile"
NEWCOMER Vet_700,0.3,294.0,2024-06-18 19:14:06.136077,1,1,0,1,0,1,1,1000000.1127174349,999996.44,"aquatic, bird, exotic, reptile"
NEWCOMER Vet_906,3.8,192.0,2024-06-18 19:14:06.136077,0,0,0,0,1,1,1,1000000.7222765532,999996.25,"pet, reptile"
NEWCOMER Vet_978,0.6,59.0,2024-06-15 19:14:06.136077,0,0,1,0,1,1,1,1000000.1196232465,999996.1,"cattle, pet, reptile"
NEWCOMER Vet_28,0.0,378.0,2024-06-17 19:14:06.136077,0,0,1,0,1,1,1,1000000.0755511022,999995.9,"cattle, pet, reptile"
NEWCOMER Vet_336,4.0,482.0,2024-06-13 19:14:06.136077,0,0,0,0,1,1,1,1000000.8163927855,999995.9,"pet, reptile"
NEWCOMER Vet_716,0.20000000000000004,12.0,2024-06-12 19:14:06.136077,1,1,1,1,0,1,1,1000000.0382044088,999995.8,"aquatic, bird, cattle, exotic, reptile"
NEWCOMER Vet_762,4.8,208.0,2024-06-12 19:14:06.136077,1,1,0,1,0,1,1,1000000.905482966,999995.6,"aquatic, bird, exotic, reptile"
NEWCOMER Vet_932,2.7999999999999994,10.0,2024-06-15 19:14:06.136077,1,1,1,1,0,1,1,1000000.5058036072,999995.4,"aquatic, bird, cattle, exotic, reptile"
NEWCOMER Vet_431,4.8,428.0,2024-06-15 19:14:06.136077,1,1,0,1,0,1,1,1000000.9495711423,999995.4,"aquatic, bird, exotic, reptile"
NEWCOMER Vet_693,2.2,223.0,2024-06-13 19:14:06.136077,1,1,1,1,0,1,1,1000000.4404889779,999995.25,"aquatic, bird, cattle, exotic, reptile"
NEWCOMER Vet_653,1.2,420.0,2024-06-16 19:14:06.136077,1,1,1,1,0,1,1,1000000.2999679359,999995.2,"aquatic, bird, cattle, exotic, reptile"
NEWCOMER Vet_22,1.1,492.0,2024-06-13 19:14:06.136077,1,1,1,1,0,1,1,1000000.2963967936,999995.1,"aquatic, bird, cattle, exotic, reptile"
NEWCOMER Vet_66,4.8,430.0,2024-06-18 19:14:06.136077,0,0,1,0,1,1,1,1000000.9499719439,999994.94,"cattle, pet, reptile"
NEWCOMER Vet_275,4.9,131.0,2024-06-15 19:14:06.136077,1,1,1,1,0,1,1,1000000.9080521042,999994.8,"aquatic, bird, cattle, exotic, reptile"
NEWCOMER Vet_896,4.5,332.0,2024-06-17 19:14:06.136077,1,1,1,1,0,1,1,1000000.8763326653,999994.6,"aquatic, bird, cattle, exotic, reptile"
NEWCOMER Vet_754,2.6,155.0,2024-06-16 19:14:06.136077,0,0,0,0,0,1,1,1000000.4988617235,999994.25,reptile
NEWCOMER Vet_339,4.3,13.0,2024-06-17 19:14:06.136077,0,0,0,0,0,1,1,1000000.7764048097,999994.2,reptile
NEWCOMER Vet_870,3.8,242.0,2024-06-12 19:14:06.136077,0,0,0,0,0,1,1,1000000.7322965931,999993.94,reptile
NEWCOMER Vet_957,3.0000000000000004,423.0,2024-06-17 19:14:06.136077,0,0,0,0,0,1,1,1000000.6245691383,999993.9,reptile
NEWCOMER Vet_131,2.8999999999999995,440.0,2024-06-15 19:14:06.136077,0,0,0,0,0,1,1,1000000.609975952,999993.8,reptile
NEWCOMER Vet_880,5.0,301.0,2024-06-16 19:14:06.136077,0,0,0,0,0,1,1,1000000.9601202405,999993.7,reptile
NEWCOMER Vet_256,4.5,430.0,2024-06-13 19:14:06.136077,0,0,0,0,0,1,1,1000000.8959719439,999993.56,reptile
NEWCOMER Vet_625,0.4000000000000001,348.0,2024-06-13 19:14:06.136077,0,1,0,1,1,1,1,1000000.1415390782,999993.25,"bird, exotic, pet, reptile"
NEWCOMER Vet_612,1.5000000000000002,289.0,2024-06-12 19:14:06.136077,0,1,0,1,1,1,1,1000000.3277154309,999993.06,"bird, exotic, pet, reptile"
NEWCOMER Vet_632,1.5000000000000002,382.0,2024-06-13 19:14:06.136077,0,1,0,1,1,1,1,1000000.3463527054,999992.94,"bird, exotic, pet, reptile"
NEWCOMER Vet_783,3.9,450.0,2024-06-19 19:14:06.136077,0,0,1,0,0,1,1,1000000.7919799599,999992.75,"cattle, reptile"
NEWCOMER Vet_14,4.5,33.0,2024-06-14 19:14:06.136077,0,1,0,1,1,1,1,1000000.8164128256,999992.75,"bird, exotic, pet, reptile"
NEWCOMER Vet_276,0.8000000000000002,9.0,2024-06-12 19:14:06.136077,1,1,0,0,1,1,1,1000000.1456032064,999992.6,"aquatic, bird, pet, reptile"
NEWCOMER Vet_890,0.10000000000000002,215.0,2024-06-15 19:14:06.136077,0,1,1,1,1,1,1,1000000.0608857715,999992.5,"bird, cattle, exotic, pet, reptile"
NEWCOMER Vet_145,0.0,340.0,2024-06-16 19:14:06.136077,0,1,1,1,1,1,1,1000000.0679358718,999992.4,"bird, cattle, exotic, pet, reptile"
NEWCOMER Vet_279,1.1,257.0,2024-06-17 19:14:06.136077,0,1,1,1,1,1,1,1000000.2493026052,999992.25,"bird, cattle, exotic, pet, reptile"
NEWCOMER Vet_900,0.6,445.0,2024-06-18 19:14:06.136077,0,1,1,1,1,1,1,1000000.1969779559,999992.1,"bird, cattle, exotic, pet, reptile"
NEWCOMER Vet_734,0.9,401.0,2024-06-17 19:14:06.136077,0,1,1,1,1,1,1,1000000.2421603206,999992.1,"bird, cattle, exotic, pet, reptile"
NEWCOMER Vet_531,4.5,1.0,2024-06-19 19:14:06.136077,1,1,0,0,1,1,1,1000000.81,999991.94,"aquatic, bird, pet, reptile"
NEWCOMER Vet_515,3.5,171.0,2024-06-14 19:14:06.136077,0,1,1,1,1,1,1,1000000.6640681362,999991.94,"bird, cattle, exotic, pet, reptile"
NEWCOMER Vet_370,2.3,338.0,2024-06-13 19:14:06.136077,0,1,1,1,1,1,1,1000000.4815350701,999991.94,"bird, cattle, exotic, pet, reptile"
NEWCOMER Vet_491,0.6,46.0,2024-06-17 19:14:06.136077,1,1,1,0,1,1,1,1000000.1170180361,999991.6,"aquatic, bird, cattle, pet, reptile"
NEWCOMER Vet_641,0.3,264.0,2024-06-15 19:14:06.136077,1,1,1,0,1,1,1,1000000.1067054109,999991.44,"aquatic, bird, cattle, pet, reptile"
NEWCOMER Vet_468,0.8000000000000002,228.0,2024-06-13 19:14:06.136077,1,1,1,0,1,1,1,1000000.189490982,999991.4,"aquatic, bird, cattle, pet, reptile"
NEWCOMER Vet_146,4.3,475.0,2024-06-15 19:14:06.136077,0,1,1,1,1,1,1,1000000.86898998,999991.4,"bird, cattle, exotic, pet, reptile"
NEWCOMER Vet_577,4.8,485.0,2024-06-17 19:14:06.136077,0,1,1,1,1,1,1,1000000.960993988,999991.25,"bird, cattle, exotic, pet, reptile"
NEWCOMER Vet_699,2.6,79.0,2024-06-16 19:14:06.136077,1,1,1,0,1,1,1,1000000.4836312626,999991.2,"aquatic, bird, cattle, pet, reptile"
NEWCOMER Vet_168,3.5,59.0,2024-06-14 19:14:06.136077,1,1,1,0,1,1,1,1000000.6416232465,999991.0,"aquatic, bird, cattle, pet, reptile"
NEWCOMER Vet_183,3.1000000000000005,362.0,2024-06-17 19:14:06.136077,1,1,1,0,1,1,1,1000000.6303446894,999990.8,"aquatic, bird, cattle, pet, reptile"
NEWCOMER Vet_738,3.1000000000000005,424.0,2024-06-12 19:14:06.136077,1,1,1,0,1,1,1,1000000.642769539,999990.75,"aquatic, bird, cattle, pet, reptile"
NEWCOMER Vet_739,3.6,476.0,2024-06-18 19:14:06.136077,1,1,1,0,1,1,1,1000000.7431903807,999990.6,"aquatic, bird, cattle, pet, reptile"
NEWCOMER Vet_451,4.3,359.0,2024-06-13 19:14:06.136077,1,1,1,0,1,1,1,1000000.845743487,999990.56,"aquatic, bird, cattle, pet, reptile"
NEWCOMER Vet_207,4.5,261.0,2024-06-13 19:14:06.136077,0,1,0,1,0,1,1,1000000.8621042084,999990.3,"bird, exotic, reptile"
NEWCOMER Vet_210,0.8000000000000002,38.0,2024-06-16 19:14:06.136077,0,1,1,1,0,1,1,1000000.1514148297,999990.25,"bird, cattle, exotic, reptile"
NEWCOMER Vet_652,4.5,357.0,2024-06-13 19:14:06.136077,0,1,0,1,0,1,1,1000000.8813426853,999990.1,"bird, exotic, reptile"
NEWCOMER Vet_525,0.20000000000000004,349.0,2024-06-14 19:14:06.136077,0,1,1,1,0,1,1,1000000.105739479,999990.0,"bird, cattle, exotic, reptile"
NEWCOMER Vet_105,3.2000000000000006,9.0,2024-06-15 19:14:06.136077,1,1,0,0,0,1,1,1000000.5776032064,999989.8,"aquatic, bird, reptile"
NEWCOMER Vet_312,2.7999999999999994,365.0,2024-06-14 19:14:06.136077,1,1,0,0,0,1,1,1000000.5769458918,999989.5,"aquatic, bird, reptile"
NEWCOMER Vet_108,4.5,89.0,2024-06-18 19:14:06.136077,0,1,1,1,0,1,1,1000000.8276352705,999989.44,"bird, cattle, exotic, reptile"
NEWCOMER Vet_527,4.4,243.0,2024-06-16 19:14:06.136077,1,1,0,0,0,1,1,1000000.840496994,999989.3,"aquatic, bird, reptile"
NEWCOMER Vet_529,1.7,63.0,2024-06-18 19:14:06.136077,1,1,1,0,0,1,1,1000000.3184248497,999989.1,"aquatic, bird, cattle, reptile"
NEWCOMER Vet_345,0.9,199.0,2024-06-12 19:14:06.136077,1,1,1,0,0,1,1,1000000.2016793587,999989.06,"aquatic, bird, cattle, reptile"
NEWCOMER Vet_522,1.6000000000000003,463.0,2024-06-12 19:14:06.136077,1,1,1,0,0,1,1,1000000.3805851704,999988.7,"aquatic, bird, cattle, reptile"
NEWCOMER Vet_113,4.9,206.0,2024-06-12 19:14:06.136077,1,1,1,0,0,1,1,1000000.9230821644,999988.4,"aquatic, bird, cattle, reptile"
NEWCOMER Vet_155,3.6,12.0,2024-06-15 19:14:06.136077,0,1,0,0,1,1,1,1000000.6502044088,999986.6,"bird, pet, reptile"
NEWCOMER Vet_160,3.2000000000000006,86.0,2024-06-14 19:14:06.136077,0,1,0,0,1,1,1,1000000.5930340681,999986.56,"bird, pet, reptile"
NEWCOMER Vet_478,0.4000000000000001,39.0,2024-06-17 19:14:06.136077,0,1,1,0,1,1,1,1000000.0796152304,999986.25,"bird, cattle, pet, reptile"
NEWCOMER Vet_379,1.5000000000000002,25.0,2024-06-19 19:14:06.136077,0,1,1,0,1,1,1,1000000.2748096193,999986.06,"bird, cattle, pet, reptile"
NEWCOMER Vet_150,4.8,72.0,2024-06-13 19:14:06.136077,0,1,1,0,1,1,1,1000000.878228457,999985.4,"bird, cattle, pet, reptile"
NEWCOMER Vet_751,3.6,474.0,2024-06-12 19:14:06.136077,0,1,1,0,1,1,1,1000000.7427895792,999985.1,"bird, cattle, pet, reptile"
NEWCOMER Vet_115,1.2,329.0,2024-06-17 19:14:06.136077,0,1,0,0,0,1,1,1000000.2817314629,999984.4,"bird, reptile"
NEWCOMER Vet_245,2.7,181.0,2024-06-18 19:14:06.136077,0,1,0,0,0,1,1,1000000.5220721443,999984.25,"bird, reptile"
NEWCOMER Vet_263,3.0000000000000004,143.0,2024-06-15 19:14:06.136077,0,1,0,0,0,1,1,1000000.5684569138,999984.25,"bird, reptile"
NEWCOMER Vet_392,1.6000000000000003,435.0,2024-06-19 19:14:06.136077,0,1,0,0,0,1,1,1000000.3749739479,999984.1,"bird, reptile"
NEWCOMER Vet_540,3.4,160.0,2024-06-15 19:14:06.136077,0,1,1,0,0,1,1,1000000.6438637275,999983.25,"bird, cattle, reptile"
NEWCOMER Vet_621,3.3,185.0,2024-06-13 19:14:06.136077,0,1,1,0,0,1,1,1000000.6308737475,999983.2,"bird, cattle, reptile"
NEWCOMER Vet_575,1.2,61.0,2024-06-13 19:14:06.136077,0,0,0,0,0,1,1,1000000.2280240481,998592.94,reptile
Vet_712,0.3,35.0,2024-06-01 19:14:06.136077,1,0,0,1,1,1,0,0.06081362725450902,14.828854,"aquatic, exotic, pet, reptile"
Vet_73,2.1,299.0,2024-06-11 19:14:06.136077,1,0,0,1,1,1,0,0.43771943887775555,14.1828575,"aquatic, exotic, pet, reptile"
Vet_635,2.5,349.0,2024-06-10 19:14:06.136077,1,0,0,1,1,1,0,0.5197394789579158,14.056393,"aquatic, exotic, pet, reptile"
Vet_484,4.1,92.0,2024-06-05 19:14:06.136077,1,0,0,1,1,1,0,0.7562364729458918,14.051022,"aquatic, exotic, pet, reptile"
Vet_859,0.9,53.0,2024-06-02 19:14:06.136077,1,0,1,1,1,1,0,0.17242084168336677,13.783932,"aquatic, cattle, exotic, pet, reptile"
Vet_817,4.8,225.0,2024-06-08 19:14:06.136077,1,0,0,1,1,1,0,0.9088897795591182,13.773678,"aquatic, exotic, pet, reptile"
Vet_867,0.20000000000000004,247.0,2024-06-06 19:14:06.136077,1,0,1,1,1,1,0,0.08529859719438879,13.685787,"aquatic, cattle, exotic, pet, reptile"
Vet_212,4.6,446.0,2024-05-23 19:14:06.136077,1,0,0,1,1,1,0,0.9171783567134268,13.553951,"aquatic, exotic, pet, reptile"
Vet_733,0.6,309.0,2024-05-22 19:14:06.136077,1,0,1,1,1,1,0,0.16972344689378757,13.547115,"aquatic, cattle, exotic, pet, reptile"
Vet_465,1.8,111.0,2024-05-31 19:14:06.136077,1,0,1,1,1,1,0,0.3460440881763528,13.540279,"aquatic, cattle, exotic, pet, reptile"
Vet_905,1.5000000000000002,169.0,2024-05-24 19:14:06.136077,1,0,1,1,1,1,0,0.30366733466933876,13.531979,"aquatic, cattle, exotic, pet, reptile"
Vet_808,1.8,130.0,2024-05-23 19:14:06.136077,1,0,1,1,1,1,0,0.3498517034068137,13.52319,"aquatic, cattle, exotic, pet, reptile"
Vet_31,0.5,347.0,2024-06-09 19:14:06.136077,1,0,1,1,1,1,0,0.1593386773547094,13.516354,"aquatic, cattle, exotic, pet, reptile"
Vet_917,0.4000000000000001,363.0,2024-06-09 19:14:06.136077,1,0,1,1,1,1,0,0.14454509018036074,13.512936,"aquatic, cattle, exotic, pet, reptile"
Vet_876,2.2,89.0,2024-05-21 19:14:06.136077,1,0,1,1,1,1,0,0.41363527054108223,13.489986,"aquatic, cattle, exotic, pet, reptile"
Vet_881,4.9,452.0,2024-05-31 19:14:06.136077,1,0,0,1,1,1,0,0.9723807615230462,13.473873,"aquatic, exotic, pet, reptile"
Vet_497,1.0,318.0,2024-05-29 19:14:06.136077,1,0,1,1,1,1,0,0.24352705410821646,13.453365,"aquatic, cattle, exotic, pet, reptile"
Vet_760,2.2,133.0,2024-05-28 19:14:06.136077,1,0,1,1,1,1,0,0.4224529058116233,13.435299,"aquatic, cattle, exotic, pet, reptile"
Vet_679,2.6,153.0,2024-05-29 19:14:06.136077,1,0,1,1,1,1,0,0.4984609218436874,13.341061,"aquatic, cattle, exotic, pet, reptile"
Vet_692,1.5000000000000002,465.0,2024-06-09 19:14:06.136077,1,0,1,1,1,1,0,0.3629859719438878,13.1828575,"aquatic, cattle, exotic, pet, reptile"
Vet_523,1.3999999999999997,495.0,2024-05-23 19:14:06.136077,1,0,1,1,1,1,0,0.35099799599198395,13.179928,"aquatic, cattle, exotic, pet, reptile"
Vet_391,3.9,80.0,2024-06-02 19:14:06.136077,1,0,1,1,1,1,0,0.7178316633266534,13.172115,"aquatic, cattle, exotic, pet, reptile"
Vet_262,2.2,381.0,2024-06-03 19:14:06.136077,1,0,1,1,1,1,0,0.47215230460921853,13.154537,"aquatic, cattle, exotic, pet, reptile"
Vet_902,3.5,193.0,2024-06-06 19:14:06.136077,1,0,1,1,1,1,0,0.6684769539078157,13.119381,"aquatic, cattle, exotic, pet, reptile"
Vet_462,3.7,282.0,2024-05-24 19:14:06.136077,1,0,1,1,1,1,0,0.7223126252505011,12.983639,"aquatic, cattle, exotic, pet, reptile"
Vet_76,3.2000000000000006,448.0,2024-06-10 19:14:06.136077,1,0,1,1,1,1,0,0.6655791583166335,12.885006,"aquatic, cattle, exotic, pet, reptile"
Vet_127,4.7,251.0,2024-06-04 19:14:06.136077,1,0,1,1,1,1,0,0.8961002004008016,12.842037,"aquatic, cattle, exotic, pet, reptile"
Vet_688,3.8,489.0,2024-05-27 19:14:06.136077,1,0,1,1,1,1,0,0.7817955911823647,12.72485,"aquatic, cattle, exotic, pet, reptile"
Vet_776,4.0,485.0,2024-05-27 19:14:06.136077,1,0,1,1,1,1,0,0.816993987975952,12.6984825,"aquatic, cattle, exotic, pet, reptile"
Vet_961,0.10000000000000002,173.0,2024-06-06 19:14:06.136077,1,0,0,1,0,1,0,0.052468937875751506,12.407467,"aquatic, exotic, reptile"
Vet_440,1.2,140.0,2024-05-21 19:14:06.136077,1,0,0,1,0,1,0,0.24385571142284568,12.230221,"aquatic, exotic, reptile"
Vet_549,1.3999999999999997,158.0,2024-06-02 19:14:06.136077,1,0,0,1,0,1,0,0.2834629258517034,12.177975,"aquatic, exotic, reptile"
Vet_87,1.7,154.0,2024-06-10 19:14:06.136077,1,0,0,1,0,1,0,0.33666132264529064,12.118893,"aquatic, exotic, reptile"
Vet_100,1.3999999999999997,216.0,2024-05-21 19:14:06.136077,1,0,0,1,0,1,0,0.29508617234468937,12.109615,"aquatic, exotic, reptile"
Vet_769,0.8000000000000002,426.0,2024-05-24 19:14:06.136077,1,0,0,1,0,1,0,0.22917034068136277,11.984615,"aquatic, exotic, reptile"
Vet_403,3.3,61.0,2024-05-30 19:14:06.136077,1,0,0,1,0,1,0,0.6060240480961925,11.926998,"aquatic, exotic, reptile"
Vet_690,2.2,335.0,2024-06-07 19:14:06.136077,1,0,0,1,0,1,0,0.462933867735471,11.819088,"aquatic, exotic, reptile"
Vet_167,3.3,302.0,2024-06-09 19:14:06.136077,1,0,0,1,0,1,0,0.6543206412825652,11.656002,"aquatic, exotic, reptile"
Vet_409,3.3,338.0,2024-06-03 19:14:06.136077,1,0,0,1,0,1,0,0.6615350701402807,11.613033,"aquatic, exotic, reptile"
Vet_761,3.7,415.0,2024-05-21 19:14:06.136077,1,0,0,1,0,1,0,0.7489659318637276,11.443111,"aquatic, exotic, reptile"
Vet_683,1.3,87.0,2024-05-29 19:14:06.136077,1,0,1,1,0,1,0,0.25123446893787577,11.34985,"aquatic, cattle, exotic, reptile"
Vet_740,4.1,474.0,2024-06-07 19:14:06.136077,1,0,0,1,0,1,0,0.8327895791583166,11.314205,"aquatic, exotic, reptile"
Vet_139,2.1,34.0,2024-06-10 19:14:06.136077,1,0,1,1,0,1,0,0.38461322645290585,11.260006,"aquatic, cattle, exotic, reptile"
Vet_426,4.3,497.0,2024-05-31 19:14:06.136077,1,0,0,1,0,1,0,0.8733987975951905,11.238033,"aquatic, exotic, reptile"
Vet_940,0.6,377.0,2024-05-27 19:14:06.136077,1,0,1,1,0,1,0,0.18335070140280563,11.175533,"aquatic, cattle, exotic, reptile"
Vet_455,2.0,175.0,2024-05-24 19:14:06.136077,1,0,1,1,0,1,0,0.394869739478958,11.133541,"aquatic, cattle, exotic, reptile"
Vet_52,1.0,443.0,2024-06-01 19:14:06.136077,1,0,1,1,0,1,0,0.2685771543086173,11.007565,"aquatic, cattle, exotic, reptile"
Vet_619,3.5,304.0,2024-06-10 19:14:06.136077,1,0,1,1,0,1,0,0.6907214428857716,10.691647,"aquatic, cattle, exotic, reptile"
Vet_179,4.6,373.0,2024-05-26 19:14:06.136077,1,0,1,1,0,1,0,0.9025490981963927,10.408443,"aquatic, cattle, exotic, reptile"
Vet_23,4.1,464.0,2024-06-02 19:14:06.136077,1,0,1,1,0,1,0,0.8307855711422846,10.40649,"aquatic, cattle, exotic, reptile"
Vet_884,0.4000000000000001,92.0,2024-05-23 19:14:06.136077,0,0,0,1,1,1,0,0.09023647294589181,9.292721,"exotic, pet, reptile"
Vet_888,0.20000000000000004,193.0,2024-05-30 19:14:06.136077,0,0,0,1,1,1,0,0.07447695390781564,9.21899,"exotic, pet, reptile"
Vet_47,2.7,160.0,2024-05-22 19:14:06.136077,0,0,0,1,1,1,0,0.5178637274549098,8.78735,"exotic, pet, reptile"
Vet_981,1.8,353.0,2024-06-09 19:14:06.136077,0,0,0,1,1,1,0,0.3945410821643287,8.728268,"exotic, pet, reptile"
Vet_714,4.3,86.0,2024-06-04 19:14:06.136077,0,0,0,1,1,1,0,0.7910340681362725,8.573971,"exotic, pet, reptile"
Vet_147,4.9,68.0,2024-05-31 19:14:06.136077,0,0,0,1,1,1,0,0.8954268537074149,8.484615,"exotic, pet, reptile"
Vet_823,1.9,277.0,2024-06-06 19:14:06.136077,1,0,0,0,1,1,0,0.397310621242485,7.854733,"aquatic, pet, reptile"
Vet_270,2.6,318.0,2024-05-29 19:14:06.136077,0,0,1,1,1,1,0,0.5315270541082164,7.7048306,"cattle, exotic, pet, reptile"
Vet_899,5.0,11.0,2024-06-10 19:14:06.136077,1,0,0,0,1,1,0,0.9020040080160321,7.5759244,"aquatic, pet, reptile"
Vet_646,4.0,210.0,2024-06-08 19:14:06.136077,0,0,1,1,1,1,0,0.7618837675350703,7.5583463,"cattle, exotic, pet, reptile"
Vet_742,3.1000000000000005,402.0,2024-05-24 19:14:06.136077,0,0,1,1,1,1,0,0.6383607214428859,7.512936,"cattle, exotic, pet, reptile"
Vet_136,0.4000000000000001,27.0,2024-05-29 19:14:06.136077,1,0,1,0,1,1,0,0.07721042084168339,7.5100064,"aquatic, cattle, pet, reptile"
Vet_347,4.7,148.0,2024-05-27 19:14:06.136077,1,0,0,0,1,1,0,0.8754589178356714,7.4875455,"aquatic, pet, reptile"
Vet_400,1.3,1.0,2024-05-21 19:14:06.136077,1,0,1,0,1,1,0,0.234,7.36694,"aquatic, cattle, pet, reptile"
Vet_719,4.5,371.0,2024-05-22 19:14:06.136077,0,0,1,1,1,1,0,0.8841482965931864,7.2824674,"cattle, exotic, pet, reptile"
Vet_980,2.4,17.0,2024-05-23 19:14:06.136077,1,0,1,0,1,1,0,0.4352064128256513,7.1398892,"aquatic, cattle, pet, reptile"
Vet_53,0.8000000000000002,339.0,2024-05-21 19:14:06.136077,1,0,1,0,1,1,0,0.2117354709418838,7.076901,"aquatic, cattle, pet, reptile"
Vet_671,3.5,81.0,2024-06-09 19:14:06.136077,1,0,1,0,1,1,0,0.6460320641282566,6.856198,"aquatic, cattle, pet, reptile"
Vet_547,3.0000000000000004,437.0,2024-06-03 19:14:06.136077,1,0,1,0,1,1,0,0.6273747494989981,6.5480924,"aquatic, cattle, pet, reptile"
Vet_956,4.6,224.0,2024-05-31 19:14:06.136077,1,0,1,0,1,1,0,0.872689378757515,6.488034,"aquatic, cattle, pet, reptile"
Vet_627,4.0,350.0,2024-05-26 19:14:06.136077,0,0,0,1,0,1,0,0.7899398797595191,6.02319,"exotic, reptile"
Vet_745,0.3,162.0,2024-06-03 19:14:06.136077,1,0,0,0,0,1,0,0.08626452905811624,5.9826627,"aquatic, reptile"
Vet_17,0.8000000000000002,123.0,2024-05-21 19:14:06.136077,0,0,1,1,0,1,0,0.16844889779559122,5.968991,"cattle, exotic, reptile"
Vet_537,4.9,243.0,2024-05-31 19:14:06.136077,0,0,0,1,0,1,0,0.930496993987976,5.9645963,"exotic, reptile"
Vet_666,3.7,473.0,2024-06-02 19:14:06.136077,0,0,0,1,0,1,0,0.7605891783567136,5.9299283,"exotic, reptile"
Vet_269,1.9,12.0,2024-05-26 19:14:06.136077,1,0,0,0,0,1,0,0.3442044088176353,5.854733,"aquatic, reptile"
Vet_156,1.8,102.0,2024-06-04 19:14:06.136077,1,0,0,0,0,1,0,0.3442404809619239,5.7727017,"aquatic, reptile"
Vet_348,0.6999999999999998,361.0,2024-06-01 19:14:06.136077,1,0,0,0,0,1,0,0.19814428857715433,5.6804166,"aquatic, reptile"
Vet_707,2.7,108.0,2024-06-01 19:14:06.136077,0,0,1,1,0,1,0,0.5074428857715432,5.6164517,"cattle, exotic, reptile"
Vet_3,1.9,262.0,2024-06-10 19:14:06.136077,0,0,1,1,0,1,0,0.3943046092184369,5.587643,"cattle, exotic, reptile"
Vet_564,3.3,110.0,2024-06-04 19:14:06.136077,0,0,1,1,0,1,0,0.6158436873747496,5.503659,"cattle, exotic, reptile"
Vet_20,3.8,7.0,2024-05-21 19:14:06.136077,1,0,0,0,0,1,0,0.6852024048096192,5.500729,"aquatic, reptile"
Vet_988,1.9,356.0,2024-06-05 19:14:06.136077,0,0,1,1,0,1,0,0.4131422845691383,5.4894986,"cattle, exotic, reptile"
Vet_852,3.0000000000000004,147.0,2024-05-28 19:14:06.136077,1,0,0,0,0,1,0,0.5692585170340683,5.487057,"aquatic, reptile"
Vet_572,1.6000000000000003,428.0,2024-06-01 19:14:06.136077,1,0,0,0,0,1,0,0.3735711422845692,5.436276,"aquatic, reptile"
Vet_991,2.4,335.0,2024-06-07 19:14:06.136077,0,0,1,1,0,1,0,0.49893386773547094,5.417233,"cattle, exotic, reptile"
Vet_463,1.8,412.0,2024-06-07 19:14:06.136077,1,0,0,0,0,1,0,0.4063647294589179,5.41235,"aquatic, reptile"
Vet_237,3.6,133.0,2024-06-05 19:14:06.136077,1,0,0,0,0,1,0,0.6744529058116234,5.390866,"aquatic, reptile"
Vet_866,2.6,350.0,2024-06-08 19:14:06.136077,0,0,1,1,0,1,0,0.5379398797595191,5.3586392,"cattle, exotic, reptile"
Vet_354,3.0000000000000004,390.0,2024-06-04 19:14:06.136077,0,0,1,1,0,1,0,0.6179559118236474,5.247311,"cattle, exotic, reptile"
Vet_366,4.4,161.0,2024-05-29 19:14:06.136077,1,0,0,0,0,1,0,0.8240641282565132,5.222409,"aquatic, reptile"
Vet_504,2.7999999999999994,450.0,2024-05-31 19:14:06.136077,0,0,1,1,0,1,0,0.5939799599198397,5.2077603,"cattle, exotic, reptile"
Vet_224,5.0,145.0,2024-06-06 19:14:06.136077,1,0,0,0,0,1,0,0.9288577154308617,5.1174283,"aquatic, reptile"
Vet_992,4.5,372.0,2024-05-26 19:14:06.136077,0,0,1,1,0,1,0,0.8843486973947896,4.9802213,"cattle, exotic, reptile"
Vet_474,4.8,395.0,2024-05-24 19:14:06.136077,0,0,1,1,0,1,0,0.9429579158316633,4.894772,"cattle, exotic, reptile"
Vet_86,0.20000000000000004,60.0,2024-05-21 19:14:06.136077,1,1,0,1,1,1,0,0.04782364729458919,4.877682,"aquatic, bird, exotic, pet, reptile"
Vet_402,0.10000000000000002,72.0,2024-06-11 19:14:06.136077,1,1,0,1,1,1,0,0.032228456913827655,4.868405,"aquatic, bird, exotic, pet, reptile"
Vet_599,4.4,474.0,2024-06-08 19:14:06.136077,1,0,0,0,0,1,0,0.8867895791583168,4.844479,"aquatic, reptile"
Vet_425,2.3,181.0,2024-06-08 19:14:06.136077,1,0,1,0,0,1,0,0.4500721442885771,4.667233,"aquatic, cattle, reptile"
Vet_613,0.5,484.0,2024-05-25 19:14:06.136077,1,0,1,0,0,1,0,0.1867935871743487,4.665768,"aquatic, cattle, reptile"
Vet_241,1.3999999999999997,339.0,2024-06-09 19:14:06.136077,1,0,1,0,0,1,0,0.31973547094188376,4.6594205,"aquatic, cattle, reptile"
Vet_419,0.10000000000000002,290.0,2024-05-31 19:14:06.136077,1,1,0,1,1,1,0,0.07591583166332665,4.629147,"aquatic, bird, exotic, pet, reptile"
Vet_50,0.4000000000000001,287.0,2024-05-29 19:14:06.136077,1,1,0,1,1,1,0,0.12931462925851706,4.576901,"aquatic, bird, exotic, pet, reptile"
Vet_724,1.6000000000000003,103.0,2024-06-07 19:14:06.136077,1,1,0,1,1,1,0,0.30844088176352713,4.5539517,"aquatic, bird, exotic, pet, reptile"
Vet_638,2.2,4.0,2024-06-05 19:14:06.136077,1,1,0,1,1,1,0,0.39660120240480967,4.552975,"aquatic, bird, exotic, pet, reptile"
Vet_326,2.2,343.0,2024-05-27 19:14:06.136077,1,0,1,0,0,1,0,0.46453707414829665,4.4997525,"aquatic, cattle, reptile"
Vet_196,1.5000000000000002,231.0,2024-05-22 19:14:06.136077,1,1,0,1,1,1,0,0.31609218436873754,4.4201627,"aquatic, bird, exotic, pet, reptile"
Vet_914,2.5,82.0,2024-05-22 19:14:06.136077,1,1,0,1,1,1,0,0.4662324649298597,4.4162564,"aquatic, bird, exotic, pet, reptile"
Vet_507,0.6,426.0,2024-05-23 19:14:06.136077,1,1,0,1,1,1,0,0.19317034068136274,4.368405,"aquatic, bird, exotic, pet, reptile"
Vet_771,4.3,124.0,2024-06-06 19:14:06.136077,1,0,1,0,0,1,0,0.7986492985971944,4.3483853,"aquatic, cattle, reptile"
Vet_862,2.7,402.0,2024-05-30 19:14:06.136077,1,0,1,0,0,1,0,0.5663607214428859,4.3430142,"aquatic, cattle, reptile"
Vet_657,1.7,313.0,2024-06-07 19:14:06.136077,1,1,0,1,1,1,0,0.3685250501002004,4.2980924,"aquatic, bird, exotic, pet, reptile"
Vet_438,4.7,226.0,2024-05-26 19:14:06.136077,1,0,1,0,0,1,0,0.8910901803607215,4.1730924,"aquatic, cattle, reptile"
Vet_483,4.0,145.0,2024-05-29 19:14:06.136077,1,1,0,1,1,1,0,0.7488577154308618,4.0451627,"aquatic, bird, exotic, pet, reptile"
Vet_722,4.7,37.0,2024-06-11 19:14:06.136077,1,1,0,1,1,1,0,0.8532144288577155,4.042233,"aquatic, bird, exotic, pet, reptile"
Vet_799,4.1,159.0,2024-06-04 19:14:06.136077,1,1,0,1,1,1,0,0.7696633266533066,4.0256314,"aquatic, bird, exotic, pet, reptile"
Vet_598,2.3,459.0,2024-06-06 19:14:06.136077,1,1,0,1,1,1,0,0.5057835671342685,4.015866,"aquatic, bird, exotic, pet, reptile"
Vet_303,2.5,485.0,2024-05-31 19:14:06.136077,1,1,0,1,1,1,0,0.5469939879759519,3.9465296,"aquatic, bird, exotic, pet, reptile"
Vet_130,4.9,130.0,2024-05-24 19:14:06.136077,1,1,0,1,1,1,0,0.9078517034068138,3.9074671,"aquatic, bird, exotic, pet, reptile"
Vet_912,0.3,95.0,2024-06-04 19:14:06.136077,1,1,1,1,1,1,0,0.0728376753507014,3.8869593,"aquatic, bird, cattle, exotic, pet, reptile"
Vet_165,0.10000000000000002,137.0,2024-06-05 19:14:06.136077,1,1,1,1,1,1,0,0.04525450901803608,3.8732874,"aquatic, bird, cattle, exotic, pet, reptile"
Vet_15,0.20000000000000004,137.0,2024-05-31 19:14:06.136077,1,1,1,1,1,1,0,0.06325450901803609,3.858639,"aquatic, bird, cattle, exotic, pet, reptile"
Vet_381,4.3,282.0,2024-05-31 19:14:06.136077,1,1,0,1,1,1,0,0.830312625250501,3.8488734,"aquatic, bird, exotic, pet, reptile"
Vet_855,0.9,39.0,2024-06-02 19:14:06.136077,1,1,1,1,1,1,0,0.16961523046092186,3.8400843,"aquatic, bird, cattle, exotic, pet, reptile"
Vet_774,0.3,157.0,2024-05-26 19:14:06.136077,1,1,1,1,1,1,0,0.08526252505010021,3.8225062,"aquatic, bird, cattle, exotic, pet, reptile"
Vet_856,0.10000000000000002,226.0,2024-05-22 19:14:06.136077,1,1,1,1,1,1,0,0.06309018036072145,3.7775843,"aquatic, bird, cattle, exotic, pet, reptile"
Vet_318,1.3999999999999997,14.0,2024-06-08 19:14:06.136077,1,1,1,1,1,1,0,0.25460521042084167,3.7766078,"aquatic, bird, cattle, exotic, pet, reptile"
Vet_892,0.20000000000000004,224.0,2024-06-08 19:14:06.136077,1,1,1,1,1,1,0,0.08068937875751503,3.7756312,"aquatic, bird, cattle, exotic, pet, reptile"
Vet_344,1.6000000000000003,3.0,2024-05-24 19:14:06.136077,1,1,1,1,1,1,0,0.2884008016032065,3.7531703,"aquatic, bird, cattle, exotic, pet, reptile"
Vet_283,0.6,163.0,2024-05-21 19:14:06.136077,1,1,1,1,1,1,0,0.14046492985971942,3.7502406,"aquatic, bird, cattle, exotic, pet, reptile"
Vet_450,3.7,461.0,2024-06-06 19:14:06.136077,1,1,0,1,1,1,0,0.7581843687374751,3.749264,"aquatic, bird, exotic, pet, reptile"
Vet_782,1.6000000000000003,17.0,2024-06-03 19:14:06.136077,1,1,1,1,1,1,0,0.2912064128256514,3.7219203,"aquatic, bird, cattle, exotic, pet, reptile"
Vet_39,0.10000000000000002,310.0,2024-05-21 19:14:06.136077,1,1,1,1,1,1,0,0.07992384769539078,3.6975062,"aquatic, bird, cattle, exotic, pet, reptile"
Vet_138,0.6,214.0,2024-06-06 19:14:06.136077,1,1,1,1,1,1,0,0.15068537074148297,3.6965296,"aquatic, bird, cattle, exotic, pet, reptile"
Vet_363,0.8000000000000002,216.0,2024-05-28 19:14:06.136077,1,1,1,1,1,1,0,0.18708617234468944,3.6652796,"aquatic, bird, cattle, exotic, pet, reptile"
Vet_596,1.7,73.0,2024-05-21 19:14:06.136077,1,1,1,1,1,1,0,0.3204288577154309,3.6496546,"aquatic, bird, cattle, exotic, pet, reptile"
Vet_710,0.4000000000000001,305.0,2024-06-09 19:14:06.136077,1,1,1,1,1,1,0,0.13292184368737475,3.6379359,"aquatic, bird, cattle, exotic, pet, reptile"
Vet_359,1.6000000000000003,119.0,2024-06-04 19:14:06.136077,1,1,1,1,1,1,0,0.31164729458917845,3.6311,"aquatic, bird, cattle, exotic, pet, reptile"
Vet_801,0.6,295.0,2024-06-09 19:14:06.136077,1,1,1,1,1,1,0,0.16691783567134266,3.6125453,"aquatic, bird, cattle, exotic, pet, reptile"
Vet_71,0.3,352.0,2024-05-30 19:14:06.136077,1,1,1,1,1,1,0,0.12434068136272544,3.6037562,"aquatic, bird, cattle, exotic, pet, reptile"
Vet_380,1.1,221.0,2024-05-29 19:14:06.136077,1,1,1,1,1,1,0,0.24208817635270544,3.59985,"aquatic, bird, cattle, exotic, pet, reptile"
Vet_49,2.1,69.0,2024-05-25 19:14:06.136077,1,1,1,1,1,1,0,0.3916272545090181,3.5812953,"aquatic, bird, cattle, exotic, pet, reptile"
Vet_894,0.10000000000000002,406.0,2024-06-09 19:14:06.136077,1,1,1,1,1,1,0,0.0991623246492986,3.5793421,"aquatic, bird, cattle, exotic, pet, reptile"
Vet_696,2.6,25.0,2024-05-23 19:14:06.136077,1,1,1,1,1,1,0,0.472809619238477,3.546139,"aquatic, bird, cattle, exotic, pet, reptile"
Vet_329,0.6,352.0,2024-06-10 19:14:06.136077,1,1,1,1,1,1,0,0.17834068136272546,3.539303,"aquatic, bird, cattle, exotic, pet, reptile"
Vet_395,2.3,84.0,2024-05-30 19:14:06.136077,1,1,1,1,1,1,0,0.4306332665330661,3.530514,"aquatic, bird, cattle, exotic, pet, reptile"
Vet_708,1.1,276.0,2024-05-23 19:14:06.136077,1,1,1,1,1,1,0,0.25311022044088183,3.5256312,"aquatic, bird, cattle, exotic, pet, reptile"
Vet_541,0.5,375.0,2024-06-08 19:14:06.136077,1,1,1,1,1,1,0,0.1649498997995992,3.523678,"aquatic, bird, cattle, exotic, pet, reptile"
Vet_778,0.6999999999999998,377.0,2024-06-06 19:14:06.136077,1,1,1,1,1,1,0,0.20135070140280562,3.4953578,"aquatic, bird, cattle, exotic, pet, reptile"
Vet_993,2.5,84.0,2024-05-23 19:14:06.136077,1,1,1,1,1,1,0,0.46663326653306614,3.47485,"aquatic, bird, cattle, exotic, pet, reptile"
Vet_833,1.7,227.0,2024-05-21 19:14:06.136077,1,1,1,1,1,1,0,0.3512905811623247,3.4728968,"aquatic, bird, cattle, exotic, pet, reptile"
Vet_669,1.5000000000000002,267.0,2024-06-04 19:14:06.136077,1,1,1,1,1,1,0,0.323306613226453,3.4650843,"aquatic, bird, cattle, exotic, pet, reptile"
Vet_827,0.5,445.0,2024-06-05 19:14:06.136077,1,1,1,1,1,1,0,0.17897795591182364,3.4514124,"aquatic, bird, cattle, exotic, pet, reptile"
Vet_407,1.3999999999999997,293.0,2024-06-03 19:14:06.136077,1,1,1,1,1,1,0,0.31051703406813624,3.4475062,"aquatic, bird, cattle, exotic, pet, reptile"
Vet_222,0.9,387.0,2024-05-25 19:14:06.136077,1,1,1,1,1,1,0,0.23935470941883769,3.4426234,"aquatic, bird, cattle, exotic, pet, reptile"
Vet_51,0.5,454.0,2024-06-03 19:14:06.136077,1,1,1,1,1,1,0,0.18078156312625251,3.4396937,"aquatic, bird, cattle, exotic, pet, reptile"
Vet_375,0.8000000000000002,414.0,2024-05-23 19:14:06.136077,1,1,1,1,1,1,0,0.2267655310621243,3.4387171,"aquatic, bird, cattle, exotic, pet, reptile"
Vet_920,0.6999999999999998,424.0,2024-06-09 19:14:06.136077,1,1,1,1,1,1,0,0.21076953907815632,3.4309046,"aquatic, bird, cattle, exotic, pet, reptile"
Vet_617,1.7,262.0,2024-06-03 19:14:06.136077,1,1,1,1,1,1,0,0.35830460921843693,3.4289515,"aquatic, bird, cattle, exotic, pet, reptile"
Vet_588,0.5,471.0,2024-05-27 19:14:06.136077,1,1,1,1,1,1,0,0.18418837675350702,3.4182093,"aquatic, bird, cattle, exotic, pet, reptile"
Vet_949,3.0000000000000004,72.0,2024-05-31 19:14:06.136077,1,1,1,1,1,1,0,0.5542284569138278,3.4094203,"aquatic, bird, cattle, exotic, pet, reptile"
Vet_520,3.0000000000000004,88.0,2024-06-04 19:14:06.136077,1,1,1,1,1,1,0,0.5574348697394791,3.3908656,"aquatic, bird, cattle, exotic, pet, reptile"
Vet_493,3.1000000000000005,84.0,2024-05-21 19:14:06.136077,1,1,1,1,1,1,0,0.5746332665330663,3.3781703,"aquatic, bird, cattle, exotic, pet, reptile"
Vet_82,3.2000000000000006,74.0,2024-06-08 19:14:06.136077,1,1,1,1,1,1,0,0.5906292585170343,3.3713343,"aquatic, bird, cattle, exotic, pet, reptile"
Vet_427,1.8,300.0,2024-05-21 19:14:06.136077,1,1,1,1,1,1,0,0.3839198396793588,3.3703578,"aquatic, bird, cattle, exotic, pet, reptile"
Vet_228,2.7999999999999994,148.0,2024-06-08 19:14:06.136077,1,1,1,1,1,1,0,0.5334589178356713,3.358639,"aquatic, bird, cattle, exotic, pet, reptile"
Vet_282,0.8000000000000002,490.0,2024-06-09 19:14:06.136077,1,1,1,1,1,1,0,0.24199599198396798,3.3488734,"aquatic, bird, cattle, exotic, pet, reptile"
Vet_508,3.5,46.0,2024-05-30 19:14:06.136077,1,1,1,1,1,1,0,0.6390180360721444,3.3449671,"aquatic, bird, cattle, exotic, pet, reptile"
Vet_764,2.0,318.0,2024-05-27 19:14:06.136077,1,1,1,1,1,1,0,0.42352705410821645,3.320553,"aquatic, bird, cattle, exotic, pet, reptile"
Vet_729,2.6,226.0,2024-06-09 19:14:06.136077,1,1,1,1,1,1,0,0.5130901803607215,3.3127406,"aquatic, bird, cattle, exotic, pet, reptile"
Vet_104,2.0,332.0,2024-06-09 19:14:06.136077,1,1,1,1,1,1,0,0.4263326653306614,3.3059046,"aquatic, bird, cattle, exotic, pet, reptile"
Vet_717,2.8999999999999995,176.0,2024-06-07 19:14:06.136077,1,1,1,1,1,1,0,0.5570701402805611,3.2990687,"aquatic, bird, cattle, exotic, pet, reptile"
Vet_973,2.5,251.0,2024-06-05 19:14:06.136077,1,1,1,1,1,1,0,0.5001002004008016,3.2902796,"aquatic, bird, cattle, exotic, pet, reptile"
Vet_770,2.0,341.0,2024-05-29 19:14:06.136077,1,1,1,1,1,1,0,0.42813627254509024,3.2902796,"aquatic, bird, cattle, exotic, pet, reptile"
Vet_976,1.8,377.0,2024-05-29 19:14:06.136077,1,1,1,1,1,1,0,0.3993507014028057,3.2844203,"aquatic, bird, cattle, exotic, pet, reptile"
Vet_728,1.6000000000000003,409.0,2024-05-29 19:14:06.136077,1,1,1,1,1,1,0,0.3697635270541083,3.2834437,"aquatic, bird, cattle, exotic, pet, reptile"
Vet_410,3.1000000000000005,163.0,2024-06-01 19:14:06.136077,1,1,1,1,1,1,0,0.5904649298597195,3.2785609,"aquatic, bird, cattle, exotic, pet, reptile"
Vet_144,1.2,497.0,2024-06-01 19:14:06.136077,1,1,1,1,1,1,0,0.3153987975951904,3.2609828,"aquatic, bird, cattle, exotic, pet, reptile"
Vet_970,2.8999999999999995,211.0,2024-05-25 19:14:06.136077,1,1,1,1,1,1,0,0.5640841683366734,3.2600062,"aquatic, bird, cattle, exotic, pet, reptile"
Vet_818,2.7,273.0,2024-05-28 19:14:06.136077,1,1,1,1,1,1,0,0.5405090180360722,3.2463343,"aquatic, bird, cattle, exotic, pet, reptile"
Vet_573,3.2000000000000006,195.0,2024-06-07 19:14:06.136077,1,1,1,1,1,1,0,0.6148777555110222,3.2453578,"aquatic, bird, cattle, exotic, pet, reptile"
Vet_512,2.7,272.0,2024-05-29 19:14:06.136077,1,1,1,1,1,1,0,0.540308617234469,3.2394984,"aquatic, bird, cattle, exotic, pet, reptile"
Vet_554,2.4,336.0,2024-06-02 19:14:06.136077,1,1,1,1,1,1,0,0.49913426853707415,3.2297328,"aquatic, bird, cattle, exotic, pet, reptile"
Vet_701,3.2000000000000006,198.0,2024-05-28 19:14:06.136077,1,1,1,1,1,1,0,0.6154789579158318,3.2277796,"aquatic, bird, cattle, exotic, pet, reptile"
Vet_883,4.1,64.0,2024-06-07 19:14:06.136077,1,1,1,1,1,1,0,0.750625250501002,3.2131312,"aquatic, bird, cattle, exotic, pet, reptile"
Vet_296,1.8,461.0,2024-05-25 19:14:06.136077,1,1,1,1,1,1,0,0.416184368737475,3.195553,"aquatic, bird, cattle, exotic, pet, reptile"
Vet_416,3.9,103.0,2024-06-08 19:14:06.136077,1,1,1,1,1,1,0,0.7224408817635272,3.1945765,"aquatic, bird, cattle, exotic, pet, reptile"
Vet_190,3.7,150.0,2024-05-30 19:14:06.136077,1,1,1,1,1,1,0,0.6958597194388779,3.1916468,"aquatic, bird, cattle, exotic, pet, reptile"
Vet_582,2.8999999999999995,281.0,2024-06-05 19:14:06.136077,1,1,1,1,1,1,0,0.5781122244488979,3.1887171,"aquatic, bird, cattle, exotic, pet, reptile"
Vet_33,3.5,178.0,2024-06-04 19:14:06.136077,1,1,1,1,1,1,0,0.6654709418837677,3.1828578,"aquatic, bird, cattle, exotic, pet, reptile"
Vet_163,4.0,115.0,2024-05-29 19:14:06.136077,1,1,1,1,1,1,0,0.7428456913827656,3.1789515,"aquatic, bird, cattle, exotic, pet, reptile"
Vet_735,3.2000000000000006,269.0,2024-05-21 19:14:06.136077,1,1,1,1,1,1,0,0.6297074148296595,3.146725,"aquatic, bird, cattle, exotic, pet, reptile"
Vet_539,2.7999999999999994,355.0,2024-06-02 19:14:06.136077,1,1,1,1,1,1,0,0.5749418837675351,3.1447718,"aquatic, bird, cattle, exotic, pet, reptile"
Vet_424,3.2000000000000006,259.0,2024-05-22 19:14:06.136077,1,1,1,1,1,1,0,0.6277034068136275,3.1379359,"aquatic, bird, cattle, exotic, pet, reptile"
Vet_281,3.5,236.0,2024-05-22 19:14:06.136077,1,1,1,1,1,1,0,0.6770941883767536,3.1340296,"aquatic, bird, cattle, exotic, pet, reptile"
Vet_789,3.0000000000000004,328.0,2024-06-06 19:14:06.136077,1,1,1,1,1,1,0,0.6055310621242487,3.1164515,"aquatic, bird, cattle, exotic, pet, reptile"
Vet_587,2.6,389.0,2024-05-25 19:14:06.136077,1,1,1,1,1,1,0,0.5457555110220441,3.1144984,"aquatic, bird, cattle, exotic, pet, reptile"
Vet_882,3.2000000000000006,305.0,2024-05-24 19:14:06.136077,1,1,1,1,1,1,0,0.6369218436873749,3.1135218,"aquatic, bird, cattle, exotic, pet, reptile"
Vet_898,2.5,407.0,2024-05-31 19:14:06.136077,1,1,1,1,1,1,0,0.5313627254509018,3.1096156,"aquatic, bird, cattle, exotic, pet, reptile"
Vet_822,4.2,132.0,2024-06-08 19:14:06.136077,1,1,1,1,1,1,0,0.7822525050100202,3.1066859,"aquatic, bird, cattle, exotic, pet, reptile"
Vet_744,3.2000000000000006,306.0,2024-06-08 19:14:06.136077,1,1,1,1,1,1,0,0.6371222444889781,3.1008265,"aquatic, bird, cattle, exotic, pet, reptile"
Vet_209,3.7,251.0,2024-05-28 19:14:06.136077,1,1,1,1,1,1,0,0.7161002004008017,3.0822718,"aquatic, bird, cattle, exotic, pet, reptile"
Vet_320,2.2,498.0,2024-05-31 19:14:06.136077,1,1,1,1,1,1,0,0.49559919839679367,3.077389,"aquatic, bird, cattle, exotic, pet, reptile"
Vet_97,2.3,482.0,2024-06-08 19:14:06.136077,1,1,1,1,1,1,0,0.5103927855711423,3.0715296,"aquatic, bird, cattle, exotic, pet, reptile"
Vet_200,4.7,90.0,2024-05-29 19:14:06.136077,1,1,1,1,1,1,0,0.8638356713426855,3.0676234,"aquatic, bird, cattle, exotic, pet, reptile"
Vet_217,4.3,166.0,2024-05-24 19:14:06.136077,1,1,1,1,1,1,0,0.8070661322645291,3.0607874,"aquatic, bird, cattle, exotic, pet, reptile"
Vet_499,2.6,463.0,2024-06-11 19:14:06.136077,1,1,1,1,1,1,0,0.5605851703406814,3.0295374,"aquatic, bird, cattle, exotic, pet, reptile"
Vet_897,3.4,340.0,2024-05-22 19:14:06.136077,1,1,1,1,1,1,0,0.679935871743487,3.021725,"aquatic, bird, cattle, exotic, pet, reptile"
Vet_847,4.0,267.0,2024-05-28 19:14:06.136077,1,1,1,1,1,1,0,0.773306613226453,3.0031703,"aquatic, bird, cattle, exotic, pet, reptile"
Vet_45,3.7,318.0,2024-06-06 19:14:06.136077,1,1,1,1,1,1,0,0.7295270541082166,2.9953578,"aquatic, bird, cattle, exotic, pet, reptile"
Vet_189,2.7999999999999994,453.0,2024-05-30 19:14:06.136077,1,1,1,1,1,1,0,0.5945811623246493,2.9934046,"aquatic, bird, cattle, exotic, pet, reptile"
Vet_609,3.9,300.0,2024-06-03 19:14:06.136077,1,1,1,1,1,1,0,0.7619198396793587,2.9719203,"aquatic, bird, cattle, exotic, pet, reptile"
Vet_240,3.6,363.0,2024-06-09 19:14:06.136077,1,1,1,1,1,1,0,0.7205450901803608,2.9641078,"aquatic, bird, cattle, exotic, pet, reptile"
Vet_923,3.5,383.0,2024-05-26 19:14:06.136077,1,1,1,1,1,1,0,0.706553106212425,2.9582484,"aquatic, bird, cattle, exotic, pet, reptile"
Vet_543,4.1,293.0,2024-05-21 19:14:06.136077,1,1,1,1,1,1,0,0.7965170340681362,2.9553187,"aquatic, bird, cattle, exotic, pet, reptile"
Vet_5,4.5,241.0,2024-05-22 19:14:06.136077,1,1,1,1,1,1,0,0.8580961923847696,2.9338343,"aquatic, bird, cattle, exotic, pet, reptile"
Vet_633,3.0000000000000004,498.0,2024-05-27 19:14:06.136077,1,1,1,1,1,1,0,0.6395991983967937,2.927975,"aquatic, bird, cattle, exotic, pet, reptile"
Vet_328,4.9,191.0,2024-05-31 19:14:06.136077,1,1,1,1,1,1,0,0.9200761523046094,2.9201624,"aquatic, bird, cattle, exotic, pet, reptile"
Vet_597,3.9,380.0,2024-05-26 19:14:06.136077,1,1,1,1,1,1,0,0.7779519038076153,2.8918421,"aquatic, bird, cattle, exotic, pet, reptile"
Vet_752,3.6,444.0,2024-06-01 19:14:06.136077,1,1,1,1,1,1,0,0.7367775551102206,2.8723109,"aquatic, bird, cattle, exotic, pet, reptile"
Vet_398,3.5,499.0,2024-05-23 19:14:06.136077,1,1,1,1,1,1,0,0.7297995991983969,2.8332484,"aquatic, bird, cattle, exotic, pet, reptile"
Vet_579,3.6,485.0,2024-05-27 19:14:06.136077,1,1,1,1,1,1,0,0.7449939879759521,2.8312953,"aquatic, bird, cattle, exotic, pet, reptile"
Vet_516,4.8,278.0,2024-06-01 19:14:06.136077,1,1,1,1,1,1,0,0.9195110220440882,2.8254359,"aquatic, bird, cattle, exotic, pet, reptile"
Vet_429,3.7,478.0,2024-05-21 19:14:06.136077,1,1,1,1,1,1,0,0.7615911823647297,2.8225062,"aquatic, bird, cattle, exotic, pet, reptile"
Vet_834,3.9,441.0,2024-06-07 19:14:06.136077,1,1,1,1,1,1,0,0.7901763527054109,2.820553,"aquatic, bird, cattle, exotic, pet, reptile"
Vet_720,4.5,361.0,2024-06-03 19:14:06.136077,1,1,1,1,1,1,0,0.8821442885771543,2.8098109,"aquatic, bird, cattle, exotic, pet, reptile"
Vet_524,4.3,386.0,2024-06-01 19:14:06.136077,1,1,1,1,1,1,0,0.8511543086172345,2.8010218,"aquatic, bird, cattle, exotic, pet, reptile"
Vet_458,4.8,314.0,2024-06-01 19:14:06.136077,1,1,1,1,1,1,0,0.9267254509018036,2.7980921,"aquatic, bird, cattle, exotic, pet, reptile"
Vet_433,5.0,285.0,2024-05-28 19:14:06.136077,1,1,1,1,1,1,0,0.9569138276553106,2.7902796,"aquatic, bird, cattle, exotic, pet, reptile"
Vet_337,4.2,425.0,2024-05-30 19:14:06.136077,1,1,1,1,1,1,0,0.8409699398797597,2.780514,"aquatic, bird, cattle, exotic, pet, reptile"
Vet_753,4.5,384.0,2024-05-29 19:14:06.136077,1,1,1,1,1,1,0,0.8867535070140281,2.7629359,"aquatic, bird, cattle, exotic, pet, reptile"
Vet_519,4.5,397.0,2024-05-24 19:14:06.136077,1,1,1,1,1,1,0,0.8893587174348698,2.7590296,"aquatic, bird, cattle, exotic, pet, reptile"
Vet_916,4.5,399.0,2024-06-03 19:14:06.136077,1,1,1,1,1,1,0,0.8897595190380763,2.7590296,"aquatic, bird, cattle, exotic, pet, reptile"
Vet_342,4.2,457.0,2024-05-21 19:14:06.136077,1,1,1,1,1,1,0,0.8473827655310622,2.740475,"aquatic, bird, cattle, exotic, pet, reptile"
Vet_509,0.9,157.0,2024-05-27 19:14:06.136077,0,0,0,0,1,1,0,0.19326252505010022,2.7297328,"pet, reptile"
Vet_510,1.8,14.0,2024-06-03 19:14:06.136077,0,0,0,0,1,1,0,0.32660521042084173,2.726803,"pet, reptile"
Vet_614,4.7,445.0,2024-05-23 19:14:06.136077,1,1,1,1,1,1,0,0.9349779559118238,2.6682093,"aquatic, bird, cattle, exotic, pet, reptile"
Vet_199,2.1,25.0,2024-05-25 19:14:06.136077,0,0,0,0,1,1,0,0.382809619238477,2.6550257,"pet, reptile"
Vet_814,4.8,432.0,2024-05-25 19:14:06.136077,1,1,1,1,1,1,0,0.9503727454909819,2.6516078,"aquatic, bird, cattle, exotic, pet, reptile"
Vet_654,0.6999999999999998,261.0,2024-06-11 19:14:06.136077,0,0,0,0,1,1,0,0.17810420841683366,2.6506312,"pet, reptile"
Vet_548,4.7,497.0,2024-06-03 19:14:06.136077,1,1,1,1,1,1,0,0.9453987975951905,2.6008265,"aquatic, bird, cattle, exotic, pet, reptile"
Vet_178,0.5,90.0,2024-05-29 19:14:06.136077,1,1,0,1,0,1,0,0.10783567134268537,2.471432,"aquatic, bird, exotic, reptile"
Vet_907,1.9,365.0,2024-06-05 19:14:06.136077,0,0,0,0,1,1,0,0.41494589178356717,2.3093226,"pet, reptile"
Vet_930,2.3,370.0,2024-05-22 19:14:06.136077,0,0,0,0,1,1,0,0.48794789579158315,2.2253382,"pet, reptile"
Vet_954,1.9,435.0,2024-06-02 19:14:06.136077,0,0,0,0,1,1,0,0.42897394789579163,2.2219203,"pet, reptile"
Vet_27,0.9,236.0,2024-06-03 19:14:06.136077,1,1,0,1,0,1,0,0.20909418837675353,2.2170374,"aquatic, bird, exotic, reptile"
Vet_526,4.6,21.0,2024-05-24 19:14:06.136077,0,0,0,0,1,1,0,0.8320080160320641,2.1906703,"pet, reptile"
Vet_979,4.0,159.0,2024-05-21 19:14:06.136077,0,0,0,0,1,1,0,0.7516633266533067,2.1472132,"pet, reptile"
Vet_581,1.2,303.0,2024-05-31 19:14:06.136077,1,1,0,1,0,1,0,0.27652104208416833,2.1066859,"aquatic, bird, exotic, reptile"
Vet_824,1.5000000000000002,250.0,2024-05-25 19:14:06.136077,1,1,0,1,0,1,0,0.31989979959919845,2.0988734,"aquatic, bird, exotic, reptile"
Vet_919,3.1000000000000005,356.0,2024-06-06 19:14:06.136077,0,0,0,0,1,1,0,0.6291422845691385,2.086178,"pet, reptile"
Vet_389,3.9,311.0,2024-06-08 19:14:06.136077,0,0,0,0,1,1,0,0.764124248496994,1.9894985,"pet, reptile"
Vet_580,1.0,464.0,2024-06-08 19:14:06.136077,1,1,0,1,0,1,0,0.2727855711422846,1.9455532,"aquatic, bird, exotic, reptile"
Vet_623,2.5,233.0,2024-05-27 19:14:06.136077,1,1,0,1,0,1,0,0.4964929859719439,1.9338344,"aquatic, bird, exotic, reptile"
Vet_663,3.1000000000000005,163.0,2024-06-08 19:14:06.136077,1,1,0,1,0,1,0,0.5904649298597195,1.9074672,"aquatic, bird, exotic, reptile"
Vet_928,4.1,382.0,2024-05-31 19:14:06.136077,0,0,0,0,1,1,0,0.8143527054108216,1.8742641,"pet, reptile"
Vet_983,3.2000000000000006,170.0,2024-05-31 19:14:06.136077,1,1,0,1,0,1,0,0.6098677354709421,1.8644985,"aquatic, bird, exotic, reptile"
Vet_647,4.0,459.0,2024-05-23 19:14:06.136077,0,0,0,0,1,1,0,0.8117835671342686,1.794186,"pet, reptile"
Vet_815,4.1,133.0,2024-05-26 19:14:06.136077,1,1,0,1,0,1,0,0.7644529058116233,1.7526821,"aquatic, bird, exotic, reptile"
Vet_887,4.5,77.0,2024-06-08 19:14:06.136077,1,1,0,1,0,1,0,0.8252304609218437,1.7370571,"aquatic, bird, exotic, reptile"
Vet_473,3.1000000000000005,319.0,2024-05-25 19:14:06.136077,1,1,0,1,0,1,0,0.6217274549098198,1.731686,"aquatic, bird, exotic, reptile"
Vet_803,2.6,8.0,2024-05-25 19:14:06.136077,0,0,1,0,1,1,0,0.4694028056112225,1.66235,"cattle, pet, reptile"
Vet_908,0.20000000000000004,168.0,2024-06-08 19:14:06.136077,1,1,1,1,0,1,0,0.06946693386773548,1.5270962,"aquatic, bird, cattle, exotic, reptile"
Vet_439,1.2,369.0,2024-06-06 19:14:06.136077,0,0,1,0,1,1,0,0.28974749498998,1.5158657,"cattle, pet, reptile"
Vet_837,3.3,467.0,2024-05-30 19:14:06.136077,1,1,0,1,0,1,0,0.6873867735470942,1.5148891,"aquatic, bird, exotic, reptile"
Vet_772,0.8000000000000002,447.0,2024-06-10 19:14:06.136077,0,0,1,0,1,1,0,0.2333787575150301,1.4977993,"cattle, pet, reptile"
Vet_918,2.4,245.0,2024-06-08 19:14:06.136077,0,0,1,0,1,1,0,0.48089779559118234,1.4250454,"cattle, pet, reptile"
Vet_650,1.9,5.0,2024-05-30 19:14:06.136077,1,1,1,1,0,1,0,0.34280160320641284,1.3908657,"aquatic, bird, cattle, exotic, reptile"
Vet_626,0.9,178.0,2024-06-02 19:14:06.136077,1,1,1,1,0,1,0,0.19747094188376757,1.3825649,"aquatic, bird, cattle, exotic, reptile"
Vet_119,1.3999999999999997,495.0,2024-06-05 19:14:06.136077,0,0,1,0,1,1,0,0.35099799599198395,1.3366665,"cattle, pet, reptile"
Vet_718,2.3,365.0,2024-06-09 19:14:06.136077,0,0,1,0,1,1,0,0.4869458917835671,1.3102993,"cattle, pet, reptile"
Vet_982,2.0,63.0,2024-05-26 19:14:06.136077,1,1,1,1,0,1,0,0.3724248496993988,1.3019985,"aquatic, bird, cattle, exotic, reptile"
Vet_148,0.10000000000000002,416.0,2024-05-24 19:14:06.136077,1,1,1,1,0,1,0,0.10116633266533066,1.2502407,"aquatic, bird, cattle, exotic, reptile"
Vet_315,4.8,12.0,2024-05-27 19:14:06.136077,0,0,1,0,1,1,0,0.8662044088176353,1.247311,"cattle, pet, reptile"
Vet_921,4.9,443.0,2024-05-27 19:14:06.136077,1,1,0,1,0,1,0,0.9705771543086174,1.2443813,"aquatic, bird, exotic, reptile"
Vet_820,0.6,374.0,2024-05-29 19:14:06.136077,1,1,1,1,0,1,0,0.18274949899799597,1.209225,"aquatic, bird, cattle, exotic, reptile"
Vet_831,1.2,305.0,2024-05-25 19:14:06.136077,1,1,1,1,0,1,0,0.2769218436873747,1.1877407,"aquatic, bird, cattle, exotic, reptile"
Vet_367,0.4000000000000001,440.0,2024-06-10 19:14:06.136077,1,1,1,1,0,1,0,0.15997595190380764,1.1701626,"aquatic, bird, cattle, exotic, reptile"
Vet_832,0.4000000000000001,459.0,2024-06-09 19:14:06.136077,1,1,1,1,0,1,0,0.16378356713426856,1.153561,"aquatic, bird, cattle, exotic, reptile"
Vet_362,1.3,324.0,2024-06-10 19:14:06.136077,1,1,1,1,0,1,0,0.2987294589178357,1.1457485,"aquatic, bird, cattle, exotic, reptile"
Vet_140,2.7999999999999994,120.0,2024-05-23 19:14:06.136077,1,1,1,1,0,1,0,0.5278476953907816,1.1037563,"aquatic, bird, cattle, exotic, reptile"
Vet_472,1.9,273.0,2024-06-01 19:14:06.136077,1,1,1,1,0,1,0,0.3965090180360722,1.084225,"aquatic, bird, cattle, exotic, reptile"
Vet_72,0.6999999999999998,462.0,2024-05-28 19:14:06.136077,1,1,1,1,0,1,0,0.21838476953907815,1.0822719,"aquatic, bird, cattle, exotic, reptile"
Vet_922,1.2,392.0,2024-05-24 19:14:06.136077,1,1,1,1,0,1,0,0.2943567134268537,1.0783657,"aquatic, bird, cattle, exotic, reptile"
Vet_428,2.7,161.0,2024-05-30 19:14:06.136077,1,1,1,1,0,1,0,0.518064128256513,1.0666469,"aquatic, bird, cattle, exotic, reptile"
Vet_60,1.0,452.0,2024-05-29 19:14:06.136077,1,1,1,1,0,1,0,0.27038076152304613,1.0451626,"aquatic, bird, cattle, exotic, reptile"
Vet_675,3.0000000000000004,131.0,2024-05-27 19:14:06.136077,1,1,1,1,0,1,0,0.566052104208417,1.044186,"aquatic, bird, cattle, exotic, reptile"
Vet_875,4.1,316.0,2024-06-08 19:14:06.136077,0,0,1,0,1,1,0,0.80112625250501,1.0353969,"cattle, pet, reptile"
Vet_162,2.8999999999999995,224.0,2024-05-28 19:14:06.136077,1,1,1,1,0,1,0,0.566689378757515,0.95043594,"aquatic, bird, cattle, exotic, reptile"
Vet_198,4.8,39.0,2024-05-28 19:14:06.136077,1,1,1,1,0,1,0,0.8716152304609218,0.79906875,"aquatic, bird, cattle, exotic, reptile"
Vet_618,4.7,107.0,2024-05-21 19:14:06.136077,1,1,1,1,0,1,0,0.8672424849699399,0.75512344,"aquatic, bird, cattle, exotic, reptile"
Vet_975,3.2000000000000006,380.0,2024-06-02 19:14:06.136077,1,1,1,1,0,1,0,0.6519519038076154,0.7228969,"aquatic, bird, cattle, exotic, reptile"
Vet_434,3.9,271.0,2024-06-02 19:14:06.136077,1,1,1,1,0,1,0,0.7561082164328659,0.7121547,"aquatic, bird, cattle, exotic, reptile"
Vet_809,4.1,236.0,2024-05-28 19:14:06.136077,1,1,1,1,0,1,0,0.7850941883767535,0.70824844,"aquatic, bird, cattle, exotic, reptile"
Vet_226,0.10000000000000002,114.0,2024-05-29 19:14:06.136077,0,0,0,0,0,1,0,0.04064529058116233,0.62231094,reptile
Vet_250,0.6999999999999998,37.0,2024-05-24 19:14:06.136077,0,0,0,0,0,1,0,0.13321442885771542,0.5978969,reptile
Vet_126,3.1000000000000005,500.0,2024-06-04 19:14:06.136077,1,1,1,1,0,1,0,0.6580000000000001,0.59301406,"aquatic, bird, cattle, exotic, reptile"
Vet_555,4.0,440.0,2024-06-04 19:14:06.136077,1,1,1,1,0,1,0,0.8079759519038077,0.49731097,"aquatic, bird, cattle, exotic, reptile"
Vet_889,0.4000000000000001,208.0,2024-05-28 19:14:06.136077,0,0,0,0,0,1,0,0.11348296593186374,0.45946917,reptile
Vet_383,1.9,9.0,2024-05-29 19:14:06.136077,0,0,0,0,0,1,0,0.34360320641282566,0.40234026,reptile
Vet_25,0.6,250.0,2024-05-22 19:14:06.136077,0,0,0,0,0,1,0,0.1578997995991984,0.36962542,reptile
Vet_295,4.9,477.0,2024-05-24 19:14:06.136077,1,1,1,1,0,1,0,0.9773907815631264,0.2883266,"aquatic, bird, cattle, exotic, reptile"
Vet_301,2.7999999999999994,82.0,2024-06-02 19:14:06.136077,0,0,0,0,0,1,0,0.5202324649298598,0.15575823,reptile
Vet_390,0.6,442.0,2024-06-03 19:14:06.136077,0,0,0,0,0,1,0,0.196376753507014,0.15356097,reptile
Vet_48,2.1,227.0,2024-06-11 19:14:06.136077,0,0,0,0,0,1,0,0.4232905811623247,0.11889299,reptile
Vet_408,3.5,2.0,2024-05-22 19:14:06.136077,0,0,0,0,0,1,0,0.6302004008016033,0.11205705,reptile
Vet_445,0.6,489.0,2024-05-28 19:14:06.136077,0,0,0,0,0,1,0,0.20579559118236473,0.10424455,reptile
Vet_759,3.2000000000000006,60.0,2024-05-23 19:14:06.136077,0,0,0,0,0,1,0,0.5878236472945894,0.10229143,reptile
Vet_63,2.7,147.0,2024-06-08 19:14:06.136077,0,0,0,0,0,1,0,0.5152585170340682,0.09545549,reptile
Vet_648,1.9,291.0,2024-06-05 19:14:06.136077,0,0,0,0,0,1,0,0.4001162324649299,0.08031877,reptile
Vet_528,1.3999999999999997,378.0,2024-06-10 19:14:06.136077,0,0,0,0,0,1,0,0.3275511022044088,0.07836565,reptile
Vet_967,1.1,478.0,2024-05-23 19:14:06.136077,0,0,0,0,0,1,0,0.2935911823647295,0.02074846,reptile
Vet_346,3.6,108.0,2024-06-04 19:14:06.136077,0,0,0,0,0,1,0,0.6694428857715432,-0.031009352,reptile
Vet_571,2.2,372.0,2024-05-23 19:14:06.136077,0,0,0,0,0,1,0,0.4703486973947897,-0.066653885,reptile
Vet_461,2.6,316.0,2024-05-31 19:14:06.136077,0,0,0,0,0,1,0,0.53112625250501,-0.07641951,reptile
Vet_850,3.5,174.0,2024-06-02 19:14:06.136077,0,0,0,0,0,1,0,0.6646693386773548,-0.082278885,reptile
Vet_294,3.7,160.0,2024-05-31 19:14:06.136077,0,0,0,0,0,1,0,0.69786372745491,-0.10815779,reptile
Vet_151,2.7999999999999994,309.0,2024-06-02 19:14:06.136077,0,0,0,0,0,1,0,0.5657234468937876,-0.11548201,reptile
Vet_636,4.6,40.0,2024-06-06 19:14:06.136077,0,0,0,0,0,1,0,0.835815631262525,-0.13501325,reptile
Vet_35,2.7,345.0,2024-06-08 19:14:06.136077,0,0,0,0,0,1,0,0.554937875751503,-0.13940778,reptile
Vet_260,3.4,307.0,2024-05-23 19:14:06.136077,0,0,0,0,0,1,0,0.6733226452905813,-0.21899763,reptile
Vet_406,3.7,287.0,2024-05-30 19:14:06.136077,0,0,0,0,0,1,0,0.7233146292585172,-0.25561872,reptile
Vet_600,0.5,113.0,2024-06-06 19:14:06.136077,0,0,1,0,0,1,0,0.11244488977955913,-0.36450544,"cattle, reptile"
Vet_567,3.8,382.0,2024-06-02 19:14:06.136077,0,0,0,0,0,1,0,0.7603527054108217,-0.38159528,reptile
Vet_974,4.8,274.0,2024-06-08 19:14:06.136077,0,0,0,0,0,1,0,0.9187094188376753,-0.4465367,reptile
Vet_616,1.6000000000000003,26.0,2024-05-27 19:14:06.136077,0,0,1,0,0,1,0,0.29301002004008025,-0.47534528,"cattle, reptile"
Vet_235,0.10000000000000002,27.0,2024-05-23 19:14:06.136077,0,1,0,1,1,1,0,0.02321042084168337,-0.5231969,"bird, exotic, pet, reptile"
Vet_314,4.5,416.0,2024-05-24 19:14:06.136077,0,0,0,0,0,1,0,0.8931663326653307,-0.55249375,reptile
Vet_865,4.6,404.0,2024-06-10 19:14:06.136077,0,0,0,0,0,1,0,0.9087615230460921,-0.5534703,reptile
Vet_420,0.4000000000000001,305.0,2024-05-30 19:14:06.136077,0,0,1,0,0,1,0,0.13292184368737475,-0.56811875,"cattle, reptile"
Vet_397,0.9,262.0,2024-06-03 19:14:06.136077,0,0,1,0,0,1,0,0.21430460921843691,-0.6184117,"cattle, reptile"
Vet_80,0.4000000000000001,454.0,2024-06-07 19:14:06.136077,0,0,1,0,0,1,0,0.16278156312625253,-0.7365758,"cattle, reptile"
Vet_727,0.6,334.0,2024-06-03 19:14:06.136077,0,1,0,1,1,1,0,0.1747334669338677,-0.9680211,"bird, exotic, pet, reptile"
Vet_643,1.6000000000000003,239.0,2024-06-10 19:14:06.136077,0,1,0,1,1,1,0,0.3356953907815632,-1.0480992,"bird, exotic, pet, reptile"
Vet_944,0.4000000000000001,455.0,2024-05-31 19:14:06.136077,0,1,0,1,1,1,0,0.16298196392785574,-1.0715367,"bird, exotic, pet, reptile"
Vet_444,2.7999999999999994,107.0,2024-05-30 19:14:06.136077,0,1,0,1,1,1,0,0.5252424849699399,-1.1267124,"bird, exotic, pet, reptile"
Vet_845,2.4,223.0,2024-05-26 19:14:06.136077,0,1,0,1,1,1,0,0.47648897795591183,-1.1760288,"bird, exotic, pet, reptile"
Vet_673,3.4,414.0,2024-06-04 19:14:06.136077,0,0,1,0,0,1,0,0.6947655310621244,-1.2629429,"cattle, reptile"
Vet_704,3.5,183.0,2024-05-26 19:14:06.136077,0,1,0,1,1,1,0,0.6664729458917836,-1.3352085,"bird, exotic, pet, reptile"
Vet_111,3.5,195.0,2024-06-10 19:14:06.136077,0,1,0,1,1,1,0,0.6688777555110221,-1.3537632,"bird, exotic, pet, reptile"
Vet_726,3.8,176.0,2024-05-31 19:14:06.136077,0,1,0,1,1,1,0,0.7190701402805612,-1.3864781,"bird, exotic, pet, reptile"
Vet_36,0.10000000000000002,82.0,2024-06-03 19:14:06.136077,1,1,0,0,1,1,0,0.03423246492985972,-1.52515,"aquatic, bird, pet, reptile"
Vet_352,1.1,41.0,2024-06-10 19:14:06.136077,0,1,1,1,1,1,0,0.2060160320641283,-1.6423374,"bird, cattle, exotic, pet, reptile"
Vet_158,0.3,240.0,2024-06-10 19:14:06.136077,1,1,0,0,1,1,0,0.10189579158316633,-1.7424351,"aquatic, bird, pet, reptile"
Vet_205,1.5000000000000002,81.0,2024-06-11 19:14:06.136077,0,1,1,1,1,1,0,0.2860320641282566,-1.764896,"bird, cattle, exotic, pet, reptile"
Vet_838,0.9,216.0,2024-06-03 19:14:06.136077,1,1,0,0,1,1,0,0.2050861723446894,-1.834232,"aquatic, bird, pet, reptile"
Vet_682,1.3,220.0,2024-05-28 19:14:06.136077,1,1,0,0,1,1,0,0.2778877755511022,-1.9094273,"aquatic, bird, pet, reptile"
Vet_968,1.1,266.0,2024-06-02 19:14:06.136077,1,1,0,0,1,1,0,0.25110621242484976,-1.9294468,"aquatic, bird, pet, reptile"
Vet_239,1.0,334.0,2024-06-11 19:14:06.136077,1,1,0,0,1,1,0,0.24673346693386775,-1.9895054,"aquatic, bird, pet, reptile"
Vet_535,3.1000000000000005,27.0,2024-06-10 19:14:06.136077,1,1,0,0,1,1,0,0.5632104208416835,-2.0344274,"aquatic, bird, pet, reptile"
Vet_83,3.2000000000000006,59.0,2024-06-01 19:14:06.136077,0,1,1,1,1,1,0,0.5876232464929861,-2.0627477,"bird, cattle, exotic, pet, reptile"
Vet_385,0.6999999999999998,494.0,2024-06-07 19:14:06.136077,1,1,0,0,1,1,0,0.22479759519038076,-2.113529,"aquatic, bird, pet, reptile"
Vet_934,3.7,12.0,2024-05-25 19:14:06.136077,0,1,1,1,1,1,0,0.6682044088176354,-2.1149938,"bird, cattle, exotic, pet, reptile"
Vet_221,1.6000000000000003,392.0,2024-05-31 19:14:06.136077,0,1,1,1,1,1,0,0.3663567134268538,-2.1452672,"bird, cattle, exotic, pet, reptile"
Vet_94,2.5,274.0,2024-06-04 19:14:06.136077,0,1,1,1,1,1,0,0.5047094188376754,-2.1804235,"bird, cattle, exotic, pet, reptile"
Vet_372,2.4,344.0,2024-05-22 19:14:06.136077,0,1,1,1,1,1,0,0.5007374749498998,-2.226322,"bird, cattle, exotic, pet, reptile"
Vet_290,3.2000000000000006,215.0,2024-05-25 19:14:06.136077,0,1,1,1,1,1,0,0.6188857715430863,-2.2478063,"bird, cattle, exotic, pet, reptile"
Vet_247,2.6,315.0,2024-05-26 19:14:06.136077,0,1,1,1,1,1,0,0.5309258517034068,-2.2546422,"bird, cattle, exotic, pet, reptile"
Vet_404,3.5,158.0,2024-05-22 19:14:06.136077,1,1,0,0,1,1,0,0.6614629258517035,-2.2639196,"aquatic, bird, pet, reptile"
Vet_74,3.1000000000000005,269.0,2024-06-02 19:14:06.136077,0,1,1,1,1,1,0,0.6117074148296595,-2.2878454,"bird, cattle, exotic, pet, reptile"
Vet_286,3.8,195.0,2024-06-04 19:14:06.136077,0,1,1,1,1,1,0,0.7228777555110221,-2.335697,"bird, cattle, exotic, pet, reptile"
Vet_977,4.4,118.0,2024-05-25 19:14:06.136077,0,1,1,1,1,1,0,0.8154468937875753,-2.353275,"bird, cattle, exotic, pet, reptile"
Vet_114,4.7,66.0,2024-06-10 19:14:06.136077,1,1,0,0,1,1,0,0.8590260521042085,-2.3776891,"aquatic, bird, pet, reptile"
Vet_962,3.5,323.0,2024-05-21 19:14:06.136077,0,1,1,1,1,1,0,0.6945290581162326,-2.4196813,"bird, cattle, exotic, pet, reptile"
Vet_2,0.20000000000000004,93.0,2024-06-01 19:14:06.136077,1,1,1,0,1,1,0,0.054436873747495,-2.4768102,"aquatic, bird, cattle, pet, reptile"
Vet_331,4.0,301.0,2024-06-08 19:14:06.136077,1,1,0,0,1,1,0,0.780120240480962,-2.509525,"aquatic, bird, pet, reptile"
Vet_195,4.1,330.0,2024-05-27 19:14:06.136077,0,1,1,1,1,1,0,0.8039318637274548,-2.5397985,"bird, cattle, exotic, pet, reptile"
Vet_176,4.8,261.0,2024-05-27 19:14:06.136077,0,1,1,1,1,1,0,0.9161042084168336,-2.5993688,"bird, cattle, exotic, pet, reptile"
Vet_725,0.20000000000000004,204.0,2024-05-27 19:14:06.136077,1,1,1,0,1,1,0,0.07668136272545091,-2.6096227,"aquatic, bird, cattle, pet, reptile"
Vet_797,0.4000000000000001,235.0,2024-05-24 19:14:06.136077,1,1,1,0,1,1,0,0.11889378757515032,-2.6735876,"aquatic, bird, cattle, pet, reptile"
Vet_605,1.3999999999999997,73.0,2024-06-09 19:14:06.136077,1,1,1,0,1,1,0,0.26642885771543084,-2.6818883,"aquatic, bird, cattle, pet, reptile"
Vet_19,4.7,357.0,2024-05-23 19:14:06.136077,0,1,1,1,1,1,0,0.9173426853707416,-2.6921422,"bird, cattle, exotic, pet, reptile"
Vet_502,0.4000000000000001,302.0,2024-05-28 19:14:06.136077,1,1,1,0,1,1,0,0.13232064128256515,-2.7512243,"aquatic, bird, cattle, pet, reptile"
Vet_435,1.1,225.0,2024-05-24 19:14:06.136077,1,1,1,0,1,1,0,0.24288977955911828,-2.8034704,"aquatic, bird, cattle, pet, reptile"
Vet_941,0.5,381.0,2024-05-30 19:14:06.136077,1,1,1,0,1,1,0,0.16615230460921845,-2.8610876,"aquatic, bird, cattle, pet, reptile"
Vet_989,2.5,105.0,2024-05-29 19:14:06.136077,1,1,1,0,1,1,0,0.4708416833667335,-2.9323766,"aquatic, bird, cattle, pet, reptile"
Vet_924,1.1,464.0,2024-06-03 19:14:06.136077,1,1,1,0,1,1,0,0.2907855711422846,-3.0730016,"aquatic, bird, cattle, pet, reptile"
Vet_939,2.5,293.0,2024-06-03 19:14:06.136077,1,1,1,0,1,1,0,0.5085170340681363,-3.1403844,"aquatic, bird, cattle, pet, reptile"
Vet_143,4.4,41.0,2024-05-26 19:14:06.136077,1,1,1,0,1,1,0,0.8000160320641284,-3.2019079,"aquatic, bird, cattle, pet, reptile"
Vet_118,4.3,73.0,2024-06-03 19:14:06.136077,1,1,1,0,1,1,0,0.7884288577154309,-3.2321813,"aquatic, bird, cattle, pet, reptile"
Vet_482,2.1,96.0,2024-05-27 19:14:06.136077,0,1,0,1,0,1,0,0.3970380761523047,-3.2868688,"bird, exotic, reptile"
Vet_218,0.4000000000000001,427.0,2024-06-08 19:14:06.136077,0,1,0,1,0,1,0,0.15737074148296595,-3.3381383,"bird, exotic, reptile"
Vet_197,3.3,366.0,2024-06-10 19:14:06.136077,1,1,1,0,1,1,0,0.6671462925851704,-3.3718297,"aquatic, bird, cattle, pet, reptile"
Vet_137,4.2,249.0,2024-06-09 19:14:06.136077,1,1,1,0,1,1,0,0.8056993987975953,-3.4118688,"aquatic, bird, cattle, pet, reptile"
Vet_386,2.4,188.0,2024-06-09 19:14:06.136077,0,1,0,1,0,1,0,0.4694749498997996,-3.4480016,"bird, exotic, reptile"
Vet_678,4.2,298.0,2024-05-25 19:14:06.136077,1,1,1,0,1,1,0,0.8155190380761524,-3.46265,"aquatic, bird, cattle, pet, reptile"
Vet_116,3.5,156.0,2024-06-06 19:14:06.136077,0,1,0,1,0,1,0,0.6610621242484971,-3.6120641,"bird, exotic, reptile"
Vet_319,2.5,496.0,2024-06-04 19:14:06.136077,0,1,0,1,0,1,0,0.5491983967935872,-3.822025,"bird, exotic, reptile"
Vet_246,0.9,3.0,2024-06-04 19:14:06.136077,0,1,1,1,0,1,0,0.16240080160320644,-3.8664587,"bird, cattle, exotic, reptile"
Vet_109,0.20000000000000004,344.0,2024-06-09 19:14:06.136077,0,1,1,1,0,1,0,0.1047374749498998,-4.127689,"bird, cattle, exotic, reptile"
Vet_680,1.6000000000000003,141.0,2024-05-27 19:14:06.136077,0,1,1,1,0,1,0,0.31605611222444896,-4.1579623,"bird, cattle, exotic, reptile"
Vet_485,2.2,122.0,2024-06-05 19:14:06.136077,1,1,0,0,0,1,0,0.42024849699398803,-4.2761264,"aquatic, bird, reptile"
Vet_861,3.0000000000000004,20.0,2024-06-08 19:14:06.136077,1,1,0,0,0,1,0,0.5438076152304611,-4.311771,"aquatic, bird, reptile"
Vet_313,2.1,258.0,2024-05-29 19:14:06.136077,1,1,0,0,0,1,0,0.4295030060120241,-4.41431,"aquatic, bird, reptile"
Vet_204,1.5000000000000002,410.0,2024-05-23 19:14:06.136077,0,1,1,1,0,1,0,0.3519639278557115,-4.4548373,"bird, cattle, exotic, reptile"
Vet_317,4.0,86.0,2024-05-30 19:14:06.136077,0,1,1,1,0,1,0,0.7370340681362726,-4.541263,"bird, cattle, exotic, reptile"
Vet_68,2.7,295.0,2024-05-21 19:14:06.136077,1,1,0,0,0,1,0,0.5449178356713427,-4.5681186,"aquatic, bird, reptile"
Vet_152,4.1,90.0,2024-05-29 19:14:06.136077,0,1,1,1,0,1,0,0.7558356713426854,-4.5730014,"bird, cattle, exotic, reptile"
Vet_505,2.8999999999999995,414.0,2024-06-05 19:14:06.136077,0,1,1,1,0,1,0,0.6047655310621243,-4.714603,"bird, cattle, exotic, reptile"
Vet_194,1.7,3.0,2024-06-04 19:14:06.136077,1,1,1,0,0,1,0,0.3064008016032065,-4.9636264,"aquatic, bird, cattle, reptile"
Vet_550,4.5,440.0,2024-06-06 19:14:06.136077,1,1,0,0,0,1,0,0.8979759519038076,-5.068607,"aquatic, bird, reptile"
Vet_514,4.7,478.0,2024-06-11 19:14:06.136077,1,1,0,0,0,1,0,0.9415911823647296,-5.156009,"aquatic, bird, reptile"
Vet_121,0.5,395.0,2024-06-06 19:14:06.136077,1,1,1,0,0,1,0,0.16895791583166334,-5.190189,"aquatic, bird, cattle, reptile"
Vet_225,1.3,446.0,2024-06-05 19:14:06.136077,1,1,1,0,0,1,0,0.3231783567134269,-5.396732,"aquatic, bird, cattle, reptile"
Vet_414,4.6,9.0,2024-06-06 19:14:06.136077,1,1,1,0,0,1,0,0.8296032064128256,-5.515384,"aquatic, bird, cattle, reptile"
Vet_244,4.1,293.0,2024-06-07 19:14:06.136077,1,1,1,0,0,1,0,0.7965170340681362,-5.7551303,"aquatic, bird, cattle, reptile"
Vet_77,4.3,352.0,2024-05-26 19:14:06.136077,1,1,1,0,0,1,0,0.8443406813627254,-5.8474154,"aquatic, bird, cattle, reptile"
Vet_412,1.2,313.0,2024-05-24 19:14:06.136077,0,1,0,0,1,1,0,0.2785250501002004,-7.4499545,"bird, pet, reptile"
Vet_447,2.0,445.0,2024-06-03 19:14:06.136077,0,1,0,0,1,1,0,0.44897795591182366,-7.7507358,"bird, pet, reptile"
Vet_998,3.4,397.0,2024-05-29 19:14:06.136077,0,1,0,0,1,1,0,0.6913587174348699,-7.9602084,"bird, pet, reptile"
Vet_236,0.4000000000000001,93.0,2024-05-30 19:14:06.136077,0,1,1,0,1,1,0,0.09043687374749501,-7.9616733,"bird, cattle, pet, reptile"
Vet_10,3.1000000000000005,454.0,2024-05-29 19:14:06.136077,0,1,0,0,1,1,0,0.6487815631262527,-7.9709506,"bird, pet, reptile"
Vet_278,4.7,432.0,2024-06-10 19:14:06.136077,0,1,0,0,1,1,0,0.932372745490982,-8.245365,"bird, pet, reptile"
Vet_544,1.5000000000000002,268.0,2024-06-06 19:14:06.136077,0,1,1,0,1,1,0,0.3235070140280562,-8.362064,"bird, cattle, pet, reptile"
Vet_452,0.9,454.0,2024-05-21 19:14:06.136077,0,1,1,0,1,1,0,0.25278156312625255,-8.471439,"bird, cattle, pet, reptile"
Vet_960,2.0,284.0,2024-06-02 19:14:06.136077,0,1,1,0,1,1,0,0.41671342685370744,-8.491459,"bird, cattle, pet, reptile"
Vet_287,3.1000000000000005,204.0,2024-05-24 19:14:06.136077,0,1,1,0,1,1,0,0.598681362725451,-8.600834,"bird, cattle, pet, reptile"
Vet_731,2.5,494.0,2024-05-28 19:14:06.136077,0,1,1,0,1,1,0,0.5487975951903807,-8.8327675,"bird, cattle, pet, reptile"
Vet_595,5.0,454.0,2024-05-26 19:14:06.136077,0,1,1,0,1,1,0,0.9907815631262525,-9.2546425,"bird, cattle, pet, reptile"
Vet_787,3.0000000000000004,3.0,2024-06-07 19:14:06.136077,0,1,0,0,0,1,0,0.5404008016032066,-9.742924,"bird, reptile"
Vet_58,4.6,20.0,2024-06-02 19:14:06.136077,0,1,0,0,0,1,0,0.8318076152304609,-10.058353,"bird, reptile"
Vet_369,4.5,416.0,2024-06-05 19:14:06.136077,0,1,0,0,0,1,0,0.8931663326653307,-10.4939,"bird, reptile"
Vet_971,0.8000000000000002,264.0,2024-05-28 19:14:06.136077,0,1,1,0,0,1,0,0.19670541082164333,-10.543705,"bird, cattle, reptile"
Vet_910,1.0,301.0,2024-05-21 19:14:06.136077,0,1,1,0,0,1,0,0.24012024048096195,-10.620853,"bird, cattle, reptile"
Vet_299,1.7,376.0,2024-05-21 19:14:06.136077,0,1,1,0,0,1,0,0.3811503006012025,-10.833256,"bird, cattle, reptile"
Vet_432,3.3,119.0,2024-06-11 19:14:06.136077,0,1,1,0,0,1,0,0.6176472945891784,-10.850346,"bird, cattle, reptile"
Vet_644,2.1,405.0,2024-06-08 19:14:06.136077,0,1,1,0,0,1,0,0.45896192384769546,-10.942631,"bird, cattle, reptile"
Vet_316,2.6,422.0,2024-05-28 19:14:06.136077,0,1,1,0,0,1,0,0.55236873747495,-11.064701,"bird, cattle, reptile"
Vet_536,4.7,436.0,2024-05-23 19:14:06.136077,0,1,1,0,0,1,0,0.9331743486973949,-11.4890175,"bird, cattle, reptile"
