vet_name,rating,num_rating,sign_in_time,aquatic,bird,cattle,exotic,pet,reptile,is_new,weighted_score,score,newcomer_status,specialties
vet_a54e1d45c9ce4ec7abb4ffaa7aced02a,4.0,165.0,2024-06-18 22:34:22.886,0,0,1,1,0,1,1,1000000.7579145728,1000005.94,NEWCOMER,"cattle, exotic, reptile"
vet_87d61481d95e4209be5cf01a486e24f0,5.0,140.0,2024-06-19 21:34:42.080,0,0,1,1,1,1,1,1000000.9703517588,1000005.44,NEWCOMER,"cattle, exotic, pet, reptile"
vet_66ebc7295c834b36a49ce50273a1b573,3.7,9.0,2024-06-17 02:55:55.106,0,0,0,1,0,1,1,1000000.6120226131,1000005.3,NEWCOMER,"exotic, reptile"
vet_a55c0a742fa24401b9ea68af875d6e30,4.0,163.0,2024-06-19 02:33:20.292,0,0,0,1,0,1,1,1000000.7569095477,1000005.0,NEWCOMER,"exotic, reptile"
vet_d40cfa1de5c4456c8733a17220e0e02f,4.5,115.00000000000001,2024-06-13 05:05:18.299,0,0,1,1,1,1,1,1000000.8452889448,1000004.94,NEWCOMER,"cattle, exotic, pet, reptile"
vet_9c9374ff3041478b93f38c05724182de,4.8,35.0,2024-06-14 04:00:14.163,0,0,0,1,1,1,1,1000000.8725879397,1000004.7,NEWCOMER,"exotic, pet, reptile"
vet_a8779053b8b24769b2358a60378eee04,3.2,23.0,2024-06-16 07:20:55.548,0,1,1,1,0,1,1,1000000.5065577889,1000004.6,NEWCOMER,"bird, cattle, exotic, reptile"
vet_7ef9ac6a12e74d3fa1194fbc17fcbf27,4.7,80.0,2024-06-15 22:08:31.594,1,1,1,1,0,1,1,1000000.8727010051,1000004.56,NEWCOMER,"aquatic, bird, cattle, exotic, reptile"
vet_750c9fc2c0534c31a45bc454bfe5b86f,4.9,73.0,2024-06-19 17:22:51.140,0,0,0,1,0,0,1,1000000.9141834171,1000004.44,NEWCOMER,exotic
vet_2d385fd3489d48a487e4738c50d68019,3.5,35.0,2024-06-16 02:33:16.893,0,0,1,1,1,1,1,1000000.5800879397,1000004.2,NEWCOMER,"cattle, exotic, pet, reptile"
vet_7ff88f6a9e324c7e8c3ed8fc2e5a6e96,4.0,139.0,2024-06-16 03:37:36.967,0,0,1,1,0,0,1,1000000.7448492462,1000004.0,NEWCOMER,"cattle, exotic"
vet_928302a7e4864099927ade41233918e2,4.9,76.0,2024-06-16 02:47:05.580,0,1,0,1,1,1,1,1000000.9156909548,1000003.8,NEWCOMER,"bird, exotic, pet, reptile"
vet_a43172ec887046c2bf1ed9a7dd6e8293,4.8,62.0,2024-06-15 01:33:38.298,0,1,0,1,1,1,1,1000000.8861557789,1000003.7,NEWCOMER,"bird, exotic, pet, reptile"
vet_47b555ff6da0494bbeae0d94ec70482f,4.0,52.0,2024-06-19 21:23:42.270,0,1,1,1,1,1,1,1000000.7011306533,1000003.6,NEWCOMER,"bird, cattle, exotic, pet, reptile"
vet_b4c7dc64a18647aaabd4156b405d3480,2.7,179.0,2024-06-17 05:44:13.346,0,0,0,1,0,1,1,1000000.4724497488,1000003.5,NEWCOMER,"exotic, reptile"
vet_5b574de0ee0544cdaa5f802bd417919f,3.0,34.0,2024-06-17 17:38:55.710,0,0,1,1,0,0,1,1000000.4670854271,1000003.4,NEWCOMER,"cattle, exotic"
vet_b5f39c2fbfdb449daa3d8736e83f6d55,2.1,65.0,2024-06-18 16:22:05.114,0,0,0,1,0,1,1,1000000.2801633166,1000003.3,NEWCOMER,"exotic, reptile"
vet_67e75cb03cb543d39d19837b35856853,4.9,51.0,2024-06-16 02:18:18.912,1,1,1,1,1,1,1,1000000.9031281407,1000003.25,NEWCOMER,"aquatic, bird, cattle, exotic, pet, reptile"
vet_ea7d547741914a238013cefb960166af,3.8,174.0,2024-06-12 20:34:08.777,0,1,1,1,1,1,1,1000000.7174371859,1000003.06,NEWCOMER,"bird, cattle, exotic, pet, reptile"
vet_e16ddf88e4484592a575df8d29aaef22,4.8,18.0,2024-06-18 07:28:22.721,1,1,1,1,0,0,1,1000000.8640452261,1000003.0,NEWCOMER,"aquatic, bird, cattle, exotic"
vet_7c5f4d4de42846ba83d5d73f019f0d08,4.3,172.0,2024-06-13 09:35:08.698,1,0,1,1,0,0,1,1000000.8289321609,1000002.8,NEWCOMER,"aquatic, cattle, exotic"
vet_f66ca7bb8a264383a1283ad03daf7d0e,3.9,32.0,2024-06-17 14:00:15.509,0,1,0,1,1,1,1,1000000.668580402,1000002.75,NEWCOMER,"bird, exotic, pet, reptile"
vet_960bc1d47fbd419ea3efc29e9b2f02ba,3.3,115.00000000000001,2024-06-18 06:51:41.844,0,0,0,1,1,1,1,1000000.5752889448,1000002.75,NEWCOMER,"exotic, pet, reptile"
vet_b142670db2284a34a87651bf257096b7,4.7,156.0,2024-06-16 11:05:31.788,1,1,1,1,1,1,1,1000000.9108919598,1000002.75,NEWCOMER,"aquatic, bird, cattle, exotic, pet, reptile"
vet_91add651300f4896ae24da2776456716,3.0,18.0,2024-06-13 21:25:50.795,0,1,1,1,1,1,1,1000000.4590452261,1000002.75,NEWCOMER,"bird, cattle, exotic, pet, reptile"
vet_b0f025cf655f461ca0f48bf8287b5ba6,4.5,178.0,2024-06-20 06:36:10.806,0,1,0,1,0,0,1,1000000.8769472361,1000002.75,NEWCOMER,"bird, exotic"
vet_e7c0882a378e4f1db0def662237e9bbb,4.9,189.0,2024-06-17 18:20:54.165,1,0,0,1,0,0,1,1000000.9724748743,1000002.6,NEWCOMER,"aquatic, exotic"
vet_e496938ca0dc4bff9ad1aae176b830a6,2.8,109.0,2024-06-13 08:59:38.436,1,1,1,1,0,1,1,1000000.4597738694,1000002.4,NEWCOMER,"aquatic, bird, cattle, exotic, reptile"
vet_821a4717b2cb45ff9c846373e18f899a,2.0,2.0,2024-06-14 20:02:35.965,0,0,1,1,0,0,1,1000000.2260050251,1000002.4,NEWCOMER,"cattle, exotic"
vet_abb82517a8464823b50c6e6d8cb1cad6,2.6,5.0,2024-06-19 08:44:02.969,0,1,1,1,1,1,1,1000000.3625125628,1000002.4,NEWCOMER,"bird, cattle, exotic, pet, reptile"
vet_4e3ef2957d0e4155aa2078eb356634f3,4.3,127.0,2024-06-17 10:45:10.624,1,1,1,1,1,1,1,1000000.8063190954,1000002.3,NEWCOMER,"aquatic, bird, cattle, exotic, pet, reptile"
vet_1efdc2c6bfa84952a96cb7fc949825fa,2.9,110.00000000000001,2024-06-15 08:28:49.975,0,1,1,1,1,1,1,1000000.4827763819,1000002.25,NEWCOMER,"bird, cattle, exotic, pet, reptile"
vet_8ef0416bcef842298d113836cb2c4dfb,2.6,33.0,2024-06-16 09:24:50.180,0,1,1,1,1,1,1,1000000.3765829146,1000002.1,NEWCOMER,"bird, cattle, exotic, pet, reptile"
vet_97eb1a06b0b0488daf87df3f97342f4b,4.0,110.00000000000001,2024-06-18 03:10:09.259,1,1,1,1,1,1,1,1000000.730276382,1000002.06,NEWCOMER,"aquatic, bird, cattle, exotic, pet, reptile"
vet_07285adb8c074ae79f9d1fac14cb3fea,3.8,59.0,2024-06-14 23:29:13.826,1,1,1,1,1,1,1,1000000.6596482412,1000002.0,NEWCOMER,"aquatic, bird, cattle, exotic, pet, reptile"
vet_9f79ca9d02d44df2b45dbba48cd72038,3.8,30.000000000000004,2024-06-17 11:44:20.875,1,0,0,1,0,0,1,1000000.6450753768,1000001.94,NEWCOMER,"aquatic, exotic"
vet_da9f95e231294c16bf75e45e9a6aa619,3.7,54.0,2024-06-15 19:31:35.276,1,1,1,1,1,1,1,1000000.6346356784,1000001.9,NEWCOMER,"aquatic, bird, cattle, exotic, pet, reptile"
vet_5fd9d6f2703a4b2e9220fb17e94f51fc,3.6,31.0,2024-06-14 18:11:37.874,1,1,1,1,1,1,1,1000000.6005778895,1000001.9,NEWCOMER,"aquatic, bird, cattle, exotic, pet, reptile"
vet_923a33f2de484c1aa2be69f1367d0b00,4.0,157.0,2024-06-15 15:27:40.390,1,1,1,1,1,1,1,1000000.7538944724,1000001.75,NEWCOMER,"aquatic, bird, cattle, exotic, pet, reptile"
vet_b2a8fab604aa4aeebc789bd902704c84,3.3,159.0,2024-06-18 00:22:38.580,0,1,0,1,1,1,1,1000000.5973994975,1000001.7,NEWCOMER,"bird, exotic, pet, reptile"
vet_0daaf998273446e2983d3ae46808431f,3.8,191.0,2024-06-17 00:53:15.618,1,1,1,1,1,1,1,1000000.7259798995,1000001.56,NEWCOMER,"aquatic, bird, cattle, exotic, pet, reptile"
vet_a37b00c51adb44e2b82f82c7e9964f6b,3.4,5.0,2024-06-13 22:51:21.679,1,1,1,1,0,0,1,1000000.5425125628,1000001.5,NEWCOMER,"aquatic, bird, cattle, exotic"
vet_52165cf4f70c44c2ad2898f263b26c57,3.2,22.0,2024-06-15 10:15:21.344,1,1,1,1,1,1,1,1000000.5060552764,1000001.5,NEWCOMER,"aquatic, bird, cattle, exotic, pet, reptile"
vet_77503e68e28e44f2857148e7b84d0c35,3.3,57.0,2024-06-17 06:14:04.492,1,1,1,1,1,1,1,1000000.5461432161,1000001.4,NEWCOMER,"aquatic, bird, cattle, exotic, pet, reptile"
vet_158a6ddde99d4f74a7d5b4380e1e8c1a,2.3,192.0,2024-06-19 04:20:47.594,0,1,1,1,1,1,1,1000000.388982412,1000001.4,NEWCOMER,"bird, cattle, exotic, pet, reptile"
vet_288bd4c5658a43b5859b333a4dd127bd,3.3,124.0,2024-06-15 01:10:47.819,1,1,1,1,1,1,1,1000000.5798115578,1000001.25,NEWCOMER,"aquatic, bird, cattle, exotic, pet, reptile"
vet_6c930a9dc0574cd793279e2893ff9ebb,1.4,135.0,2024-06-14 05:02:51.613,0,0,1,1,0,0,1,1000000.157839196,1000001.25,NEWCOMER,"cattle, exotic"
vet_db64c3d556614574b15bd811dc0d5715,1.6,62.99999999999999,2024-06-16 10:35:39.482,0,0,0,1,1,1,1,1000000.1666582915,1000001.1,NEWCOMER,"exotic, pet, reptile"
vet_cc5b04edc0b542cfbb99275dc18e0961,1.8,162.0,2024-06-13 11:21:13.422,1,0,0,1,0,1,1,1000000.2614070352,1000001.1,NEWCOMER,"aquatic, exotic, reptile"
vet_887eea8f489e43f998e7e6faf4b82c86,1.8,104.99999999999999,2024-06-20 10:55:34.854,0,1,1,1,1,1,1,1000000.232763819,1000001.06,NEWCOMER,"bird, cattle, exotic, pet, reptile"
vet_20aedb3662084793a64424eb4f910626,1.3,4.0,2024-06-20 01:44:54.524,0,1,1,1,1,1,1,1000000.0695100502,1000000.8,NEWCOMER,"bird, cattle, exotic, pet, reptile"
vet_a6d82509438d49609ed1a03f77864b6e,4.4,91.0,2024-06-20 17:25:32.661,1,0,0,1,1,0,1,1000000.8107286432,1000000.7,NEWCOMER,"aquatic, exotic, pet"
vet_e9c3f07201fc4b5abbee0d4d3716849e,4.3,95.0,2024-06-14 22:48:30.767,1,1,1,1,1,0,1,1000000.7902386935,1000000.56,NEWCOMER,"aquatic, bird, cattle, exotic, pet"
vet_53cfcfcca29543b4b0733d39c8369975,2.8,19.0,2024-06-20 19:45:22.688,0,1,1,1,1,0,1,1000000.4145477387,1000000.56,NEWCOMER,"bird, cattle, exotic, pet"
vet_b81cd407c0984a05ad43e8b49e9744f6,1.2,64.0,2024-06-16 05:54:55.737,0,1,1,1,1,1,1,1000000.0771608041,1000000.5,NEWCOMER,"bird, cattle, exotic, pet, reptile"
vet_de5981c49b99478fb3fa04016e316ac1,4.5,170.0,2024-06-16 05:23:50.969,1,1,1,1,1,0,1,1000000.8729271357,1000000.5,NEWCOMER,"aquatic, bird, cattle, exotic, pet"
vet_7c01f6ba7c084eaa81984777ae579c38,2.7,150.0,2024-06-15 18:29:33.761,1,1,1,1,1,1,1,1000000.4578768844,1000000.5,NEWCOMER,"aquatic, bird, cattle, exotic, pet, reptile"
vet_0af1b12da0a5411587c2735c122944e8,2.3,138.0,2024-06-20 16:46:39.626,0,1,0,1,0,0,1,1000000.3618467337,1000000.44,NEWCOMER,"bird, exotic"
vet_aaa9cea63a994e78883b82b09d8df76e,1.7,36.0,2024-06-14 18:45:45.500,0,1,0,1,1,1,1,1000000.1755904523,1000000.44,NEWCOMER,"bird, exotic, pet, reptile"
vet_2f5d71ada00a48d0acf2de5a9850c948,2.5,112.0,2024-06-19 20:31:24.286,1,1,1,1,1,1,1,1000000.393781407,1000000.4,NEWCOMER,"aquatic, bird, cattle, exotic, pet, reptile"
vet_ef94f005b7524facbe1aa35e4448c032,4.4,189.0,2024-06-20 19:58:11.329,1,1,1,1,1,0,1,1000000.8599748744,1000000.4,NEWCOMER,"aquatic, bird, cattle, exotic, pet"
vet_82ee548efdf5438b95690e5c26e7d116,2.7,183.0,2024-06-13 19:27:41.110,1,1,1,1,1,1,1,1000000.474459799,1000000.3,NEWCOMER,"aquatic, bird, cattle, exotic, pet, reptile"
vet_e91bfee3ad5547a9baf541eb7aa76839,3.4,91.0,2024-06-13 21:21:45.861,0,1,0,1,1,0,1,1000000.5857286432,1000000.25,NEWCOMER,"bird, exotic, pet"
vet_0d3c510f931e4e599c022510101d7033,2.5,162.0,2024-06-13 13:10:38.340,1,1,1,1,1,1,1,1000000.4189070351,1000000.25,NEWCOMER,"aquatic, bird, cattle, exotic, pet, reptile"
vet_5786fc688bc54c52bfeee06595b7ad93,2.6,92.0,2024-06-20 14:00:47.622,0,0,0,1,1,0,1,1000000.4062311557,1000000.2,NEWCOMER,"exotic, pet"
vet_5a85dbefd37c4785b2f5e8366ba30fba,1.2,141.0,2024-06-13 06:59:47.781,0,0,0,1,0,0,1,1000000.1158542713,1000000.1,NEWCOMER,exotic
vet_347eefd59e69463fb7e117b4594091bd,2.4,140.0,2024-06-14 16:39:38.882,1,1,1,1,1,1,1,1000000.3853517588,1000000.1,NEWCOMER,"aquatic, bird, cattle, exotic, pet, reptile"
vet_c6e701d6955f4d14b6d7baee68a8eecf,1.8,148.0,2024-06-16 22:12:37.966,0,1,0,1,1,1,1,1000000.2543718592,1000000.06,NEWCOMER,"bird, exotic, pet, reptile"
vet_8cb711c14bc849159cc2ad43cf001527,1.1,133.0,2024-06-13 18:17:23.892,0,1,1,1,0,0,1,1000000.0893341708,999999.94,NEWCOMER,"bird, cattle, exotic"
vet_8547045341ce4d159d8056724016e6b4,1.5,161.0,2024-06-17 18:22:34.928,1,0,1,1,1,1,1,1000000.1934045226,999999.94,NEWCOMER,"aquatic, cattle, exotic, pet, reptile"
vet_3e821291f548457f8ccbe0b4770ee4e7,2.5,4.0,2024-06-20 11:55:05.454,1,1,0,1,1,1,1,1000000.3395100503,999999.94,NEWCOMER,"aquatic, bird, exotic, pet, reptile"
vet_f812a91729994eb785832170c32f05c0,2.3,171.0,2024-06-20 18:56:49.945,1,1,1,1,1,1,1,1000000.3784296482,999999.94,NEWCOMER,"aquatic, bird, cattle, exotic, pet, reptile"
vet_2eb3efe912fb4e53afc7191f8c981efd,1.0,5.0,2024-06-13 19:09:51.310,1,1,0,1,0,1,1,1000000.0025125628,999999.9,NEWCOMER,"aquatic, bird, exotic, reptile"
vet_6a24e81876e24b90a0702c4218bb1e86,1.7,91.0,2024-06-16 14:53:55.811,1,1,1,1,1,1,1,1000000.2032286432,999999.5,NEWCOMER,"aquatic, bird, cattle, exotic, pet, reptile"
vet_f9079092e7a84395be0cf1a1b0d577a0,2.1,193.0,2024-06-13 23:09:01.196,1,1,1,1,1,1,1,1000000.3444849246,999999.5,NEWCOMER,"aquatic, bird, cattle, exotic, pet, reptile"
vet_f875a988b5bf4011af8f6854e309ed16,1.7,68.0,2024-06-18 10:56:25.040,1,0,0,1,0,0,1,1000000.1916708542,999999.44,NEWCOMER,"aquatic, exotic"
vet_dd4fd826b7614ddf8a0ff284c9ffa740,1.3,51.0,2024-06-14 01:20:45.792,1,1,1,1,1,1,1,1000000.0931281407,999999.25,NEWCOMER,"aquatic, bird, cattle, exotic, pet, reptile"
vet_4c42e5ac85f34ff49b3fb84e06b32033,1.8,119.0,2024-06-15 15:40:32.993,1,1,1,1,0,0,1,1000000.239798995,999999.25,NEWCOMER,"aquatic, bird, cattle, exotic"
vet_eaf94bfb0e5d4d8fa450f4dddc502250,1.0,120.99999999999999,2024-06-20 01:39:03.852,1,0,1,1,0,0,1,1000000.0608040201,999999.25,NEWCOMER,"aquatic, cattle, exotic"
vet_774897303ec54c7aadaf955e4592e2b0,2.4,75.0,2024-06-13 17:00:22.430,0,1,0,1,1,0,1,1000000.3526884422,999999.1,NEWCOMER,"bird, exotic, pet"
vet_127d3d2a04a74088a38b63a1535024cf,1.0,41.0,2024-06-14 01:25:56.670,1,1,1,1,1,1,1,1000000.0206030151,999998.9,NEWCOMER,"aquatic, bird, cattle, exotic, pet, reptile"
vet_f08190361c764a5e9e8edd9c83e36216,1.3,174.0,2024-06-19 22:26:49.310,1,1,1,1,1,1,1,1000000.1549371859,999998.8,NEWCOMER,"aquatic, bird, cattle, exotic, pet, reptile"
vet_c47e2f9f8cee410f94ac18b89a77542a,1.3,191.0,2024-06-17 06:11:48.707,1,1,1,1,1,1,1,1000000.1634798995,999998.75,NEWCOMER,"aquatic, bird, cattle, exotic, pet, reptile"
vet_dd964140264d421a80f1c07737011d4a,1.3,131.0,2024-06-20 19:00:57.218,1,1,1,1,0,0,1,1000000.1333291457,999998.7,NEWCOMER,"aquatic, bird, cattle, exotic"
vet_b36b3d3ca7504cb092d4f8858a8bded9,2.5,36.0,2024-06-16 16:21:28.651,1,1,1,1,1,0,1,1000000.3555904522,999998.7,NEWCOMER,"aquatic, bird, cattle, exotic, pet"
vet_6fcc9d448b124bd9a1b1d4827ec58930,1.9,153.0,2024-06-18 15:57:31.913,1,1,0,1,0,0,1,1000000.2793844221,999998.56,NEWCOMER,"aquatic, bird, exotic"
vet_1c41769c97274c8cb65a9b9565419455,1.7,139.0,2024-06-17 04:56:10.556,1,1,0,1,1,1,1,1000000.2273492463,999998.5,NEWCOMER,"aquatic, bird, exotic, pet, reptile"
vet_40f1e188bb0e4ea2a12b71582dfad434,2.1,170.0,2024-06-16 16:56:39.680,0,1,0,1,1,0,1,1000000.3329271356,999998.5,NEWCOMER,"bird, exotic, pet"
vet_e6f4695f5ad7434587e173fa8cf9f92d,1.1,172.0,2024-06-20 14:15:12.814,1,1,1,1,0,0,1,1000000.1089321608,999998.4,NEWCOMER,"aquatic, bird, cattle, exotic"
vet_90cc1ca2a55e4346ac727a4ab49c324f,2.4,156.0,2024-06-17 01:41:32.791,1,1,1,1,1,0,1,1000000.3933919598,999998.25,NEWCOMER,"aquatic, bird, cattle, exotic, pet"
vet_cde85ce9c9c34cd5aae0fb2f6c229e27,1.1,152.0,2024-06-17 13:20:14.232,1,1,1,1,1,0,1,1000000.0988819095,999996.75,NEWCOMER,"aquatic, bird, cattle, exotic, pet"
vet_3e7d18fa68bf48a0a35fb53f02633965,1.7,107.0,2024-06-16 03:38:49.457,1,1,0,1,1,0,1,1000000.2112688442,999996.75,NEWCOMER,"aquatic, bird, exotic, pet"
vet_2aa7d341117643e790382b95e9bf0c91,1.2,69.0,2024-06-13 01:40:29.256,0,0,0,1,0,0,1,1000000.0796733669,999992.9,NEWCOMER,exotic
vet_3344fe11ecc64f8a8383c8cb98f8b9b4,4.8,17.0,2024-06-04 19:14:33.107,0,0,1,1,0,1,0,0.8635427135678392,6.0180287,EXISTING,"cattle, exotic, reptile"
vet_9a7d6132c8b54d04858f664f151bf1c6,4.8,127.0,2024-05-01 04:37:08.150,0,0,1,1,0,1,0,0.9188190954773869,5.653771,EXISTING,"cattle, exotic, reptile"
vet_f5218e3a3d354a74a5ba68b60bb8bd03,4.3,36.0,2024-05-30 07:17:50.668,0,0,1,1,0,1,0,0.7605904522613065,5.4086537,EXISTING,"cattle, exotic, reptile"
vet_93e299c1642b4d18bd9204f634a9bd3c,4.8,5.0,2024-05-02 09:05:08.568,0,0,0,1,0,1,0,0.8575125628140703,5.22506,EXISTING,"exotic, reptile"
vet_d7d4d591a63242308bd83ab9f00cf1de,4.8,20.0,2024-05-27 04:38:50.970,0,0,0,1,0,1,0,0.8650502512562814,5.154259,EXISTING,"exotic, reptile"
vet_a728120963c14a40a1a24c9c3a7a6805,4.3,2.0,2024-05-12 05:21:36.597,0,0,0,1,0,1,0,0.7435050251256281,4.669396,EXISTING,"exotic, reptile"
vet_9bd7854e56664628b8b01d2db79a1ce3,4.1,5.0,2024-05-01 21:38:43.560,0,0,0,1,0,1,0,0.7000125628140702,4.4408803,EXISTING,"exotic, reptile"
vet_ddf01e52e9a247ddba7a455518701d0c,5.0,73.0,2024-05-12 20:35:18.815,0,0,1,1,1,1,0,0.9366834170854271,4.416466,EXISTING,"cattle, exotic, pet, reptile"
vet_38b36be982aa47c3929c665d62ba975c,4.8,71.0,2024-05-29 07:55:48.180,1,0,1,1,0,1,0,0.8906783919597989,4.3754506,EXISTING,"aquatic, cattle, exotic, reptile"
vet_c13942040f6243dfb7c8b43bb267db28,5.0,17.0,2024-06-06 12:35:53.626,0,0,1,1,0,0,0,0.9085427135678392,4.365685,EXISTING,"cattle, exotic"
vet_85364c26ab3c4cc0b3ff063cd3096f1b,4.5,4.0,2024-05-08 22:02:38.680,0,0,1,1,1,1,0,0.7895100502512563,4.1010365,EXISTING,"cattle, exotic, pet, reptile"
vet_09f93c64556a464893a0089b701db305,4.1,152.0,2024-05-01 11:23:00.655,0,0,0,1,0,1,0,0.7738819095477386,3.9296498,EXISTING,"exotic, reptile"
vet_715f8e9c6f1640bfbf5824b741be41cc,2.7,8.0,2024-05-06 22:54:52.439,0,0,1,1,0,1,0,0.3865201005025126,3.6982045,EXISTING,"cattle, exotic, reptile"
vet_82432248209a49ff8a74c25ca9e57e63,4.5,119.0,2024-05-05 07:55:51.950,0,0,1,1,1,1,0,0.8472989949748744,3.6947865,EXISTING,"cattle, exotic, pet, reptile"
vet_51091071263a488a9b7afba1ebf27a44,4.1,34.0,2024-05-31 23:19:08.832,0,0,1,1,1,1,0,0.7145854271356783,3.5365834,EXISTING,"cattle, exotic, pet, reptile"
vet_ee04549449644641b414b1a3778850ca,4.9,145.0,2024-05-06 14:58:40.903,1,0,0,1,0,1,0,0.9503643216080403,3.3822865,EXISTING,"aquatic, exotic, reptile"
vet_6fdb82e14a0f46b39f05b7d574b4abf1,4.0,120.99999999999999,2024-05-18 00:37:56.000,1,0,1,1,0,1,0,0.7358040201005025,3.3168569,EXISTING,"aquatic, cattle, exotic, reptile"
vet_9e41e53e9a204c0b94863f0de6cceddd,2.3,9.0,2024-05-01 08:45:39.475,0,0,1,1,0,1,0,0.2970226130653266,3.2499623,EXISTING,"cattle, exotic, reptile"
vet_6d96d6eebd1549549263df709822ce4a,4.6,41.0,2024-06-09 22:35:10.843,0,0,0,1,1,1,0,0.8306030150753768,3.22506,EXISTING,"exotic, pet, reptile"
vet_bae633ae973647ef915da2b53fcf796a,4.8,44.0,2024-06-01 11:33:03.323,0,0,0,1,0,0,0,0.8771105527638191,3.2104115,EXISTING,exotic
vet_a2ea7acf43484e989efc3adbb2acab5f,4.1,77.0,2024-05-28 17:40:13.830,0,0,1,1,0,0,0,0.7361934673366833,3.1513295,EXISTING,"cattle, exotic"
vet_78a884fd2b684f839878d0755fd048c9,4.4,178.0,2024-05-14 18:15:11.514,0,0,1,1,0,0,0,0.8544472361809047,3.1464467,EXISTING,"cattle, exotic"
vet_cf4cc4334d7e40e092ff75791c777a29,4.8,132.0,2024-05-04 21:36:41.060,0,1,1,1,1,1,0,0.9213316582914572,3.091271,EXISTING,"bird, cattle, exotic, pet, reptile"
vet_5b680ff01ef741fca7a37242b7b0042b,4.4,5.0,2024-05-17 15:43:37.970,0,1,1,1,1,1,0,0.7675125628140704,3.055138,EXISTING,"bird, cattle, exotic, pet, reptile"
vet_ba52aa81d4554b1bbeb891a1c3834229,3.0,32.0,2024-05-09 12:17:27.393,0,1,1,1,0,1,0,0.46608040201005024,3.0400014,EXISTING,"bird, cattle, exotic, reptile"
vet_9177da552c6b492292486789cd12b9ff,4.7,62.99999999999999,2024-05-29 17:03:14.120,0,1,1,1,0,0,0,0.8641582914572864,2.9633412,EXISTING,"bird, cattle, exotic"
vet_f97110e9155e49c9b810ac5bc6381583,4.9,46.0,2024-06-02 07:37:13.832,1,0,1,1,1,1,0,0.9006155778894473,2.9262319,EXISTING,"aquatic, cattle, exotic, pet, reptile"
vet_5fc9503758654aa5b9cfa566c60ef3d2,4.8,133.0,2024-05-03 16:12:43.710,0,0,0,1,0,0,0,0.9218341708542713,2.8983998,EXISTING,exotic
vet_28572517bf8542108dc6d05e6c0155e4,5.0,93.0,2024-05-21 00:26:43.695,1,0,1,1,1,1,0,0.9467336683417086,2.8852162,EXISTING,"aquatic, cattle, exotic, pet, reptile"
vet_ae6e1a3a123946a4b654c57f7cc26b50,4.0,12.0,2024-05-08 19:14:09.701,1,0,0,1,0,1,0,0.6810301507537689,2.8251576,EXISTING,"aquatic, exotic, reptile"
vet_be4d3fe5b78640599d0d8372057a88ef,4.7,120.99999999999999,2024-05-17 06:48:31.852,0,0,0,1,0,0,0,0.8933040201005025,2.8246694,EXISTING,exotic
vet_4bb4bbf7f55f4297b7025151d7f1d20c,5.0,32.0,2024-06-06 23:19:01.408,0,1,0,1,1,1,0,0.9160804020100503,2.78756,EXISTING,"bird, exotic, pet, reptile"
vet_fc2971009e8d4250bc52f66d7f23dc87,4.9,89.0,2024-05-22 14:47:50.145,1,0,1,1,1,1,0,0.9222236180904523,2.7797475,EXISTING,"aquatic, cattle, exotic, pet, reptile"
vet_2b0ce3ac1875446e89874a01d4e0a6a9,4.4,52.0,2024-05-19 15:30:50.301,0,0,0,1,0,0,0,0.7911306532663318,2.721642,EXISTING,exotic
vet_c003fbf5725543edbec008cbc05751e4,4.8,7.0,2024-06-07 10:44:04.590,1,0,1,1,0,0,0,0.8585175879396985,2.7167592,EXISTING,"aquatic, cattle, exotic"
vet_ddc2d155bf1a4e2495517552c58ed43a,2.6,37.0,2024-05-04 07:28:26.594,0,0,0,1,0,1,0,0.37859296482412064,2.6518178,EXISTING,"exotic, reptile"
vet_ced6b110c835436ebd2a1351c8eb8366,4.1,78.0,2024-05-18 04:18:39.427,1,1,1,1,0,1,0,0.7366959798994974,2.648888,EXISTING,"aquatic, bird, cattle, exotic, reptile"
vet_281936cd52c641afb3172cc15f44cd8d,3.1,196.0,2024-05-30 16:11:37.358,0,0,0,1,0,1,0,0.5709924623115579,2.6483998,EXISTING,"exotic, reptile"
vet_3365780f86b5414ba2a574c14ab4cedc,3.6,132.0,2024-06-06 00:16:23.510,0,0,1,1,1,1,0,0.6513316582914573,2.6303334,EXISTING,"cattle, exotic, pet, reptile"
vet_a024d8b72e43484088da80e1a8d768b6,4.6,3.0,2024-05-16 11:24:35.623,1,1,0,1,0,1,0,0.8115075376884422,2.6186147,EXISTING,"aquatic, bird, exotic, reptile"
vet_436e006aa1a74f65be5a538b9a1a4789,3.1,38.0,2024-05-21 19:35:31.325,1,0,1,1,0,1,0,0.4915954773869347,2.5834584,EXISTING,"aquatic, cattle, exotic, reptile"
vet_a93fcd6145594538b57332d34c2d7892,1.9,78.0,2024-05-07 20:15:08.349,0,0,1,1,0,1,0,0.24169597989949748,2.561974,EXISTING,"cattle, exotic, reptile"
vet_6179645d62d74ec0adfe9cc4a9b61728,3.9,96.0,2024-05-26 15:56:06.940,1,0,0,1,0,1,0,0.7007412060301508,2.435021,EXISTING,"aquatic, exotic, reptile"
vet_e057aa5d7070479b8895602a070c9bc6,2.9,196.0,2024-05-20 23:45:26.422,0,0,0,1,0,1,0,0.5259924623115578,2.4257436,EXISTING,"exotic, reptile"
vet_d0d7b659aafd418bb40c78458d19dfb3,4.2,186.0,2024-06-05 08:33:55.320,1,1,1,1,0,1,0,0.8134673366834172,2.403771,EXISTING,"aquatic, bird, cattle, exotic, reptile"
vet_b4768df9d6694c15b3199b3c46be8b69,4.7,139.0,2024-05-01 16:36:04.583,1,0,1,1,1,1,0,0.9023492462311558,2.383263,EXISTING,"aquatic, cattle, exotic, pet, reptile"
vet_27fbdb093ada469f8637bb746e476cc0,4.2,101.0,2024-05-04 01:24:19.294,0,0,0,1,0,0,0,0.7707537688442212,2.3383412,EXISTING,exotic
vet_146bda7ab87347c58b4004b8b23dface,4.8,152.0,2024-05-23 19:39:46.520,1,1,0,1,0,1,0,0.9313819095477387,2.3383412,EXISTING,"aquatic, bird, exotic, reptile"
vet_b0d416c70207497bad11cf167cec8584,4.9,66.0,2024-05-01 08:10:02.386,0,1,0,1,0,0,0,0.9106658291457287,2.331017,EXISTING,"bird, exotic"
vet_c7f0ccc2425948f99518f63fa007d204,4.3,28.999999999999996,2024-05-02 06:43:28.351,1,0,1,1,1,1,0,0.757072864321608,2.3061147,EXISTING,"aquatic, cattle, exotic, pet, reptile"
vet_8d066319f33e44b7bbed28313b59ce54,4.2,90.0,2024-05-04 17:21:54.788,0,1,1,1,0,0,0,0.7652261306532664,2.2973256,EXISTING,"bird, cattle, exotic"
vet_26063a24cfd54a959b22c5a46cd2e328,4.2,182.0,2024-06-11 11:58:17.918,0,0,0,1,1,1,0,0.8114572864321609,2.2885365,EXISTING,"exotic, pet, reptile"
vet_6eecaabe75d44799aba2fa3e505ec305,4.0,115.99999999999999,2024-05-25 06:05:04.121,0,0,0,1,1,1,0,0.7332914572864322,2.2846303,EXISTING,"exotic, pet, reptile"
vet_64aeb313ee0a40c39f590a583c2a78b1,4.5,15.000000000000002,2024-05-29 09:41:21.819,0,1,0,1,1,1,0,0.795037688442211,2.280724,EXISTING,"bird, exotic, pet, reptile"
vet_b5b88db894634792854650e1527c0b90,4.1,140.0,2024-05-20 00:01:39.645,0,1,1,1,1,1,0,0.7678517587939697,2.2699819,EXISTING,"bird, cattle, exotic, pet, reptile"
vet_31911ab49f364b8a9955bf204408918e,1.4,4.0,2024-05-01 10:22:52.284,0,0,1,1,0,1,0,0.09201005025125626,2.2690053,EXISTING,"cattle, exotic, reptile"
vet_76208f5e40cf4d5aad6b211d010a4862,3.2,45.0,2024-05-12 14:10:33.673,0,0,1,1,0,0,0,0.5176130653266332,2.2626576,EXISTING,"cattle, exotic"
vet_fd9757cad1bd4db5bfac39edb96c41d3,4.2,191.0,2024-05-17 13:38:57.318,0,0,0,1,1,1,0,0.8159798994974875,2.2621694,EXISTING,"exotic, pet, reptile"
vet_0feabf884c414c818f634372dff69c69,3.9,74.0,2024-05-31 03:05:03.919,0,1,1,1,1,1,0,0.6896859296482412,2.2621694,EXISTING,"bird, cattle, exotic, pet, reptile"
vet_55a3251fe7a546168246d8eff7e3bac4,4.4,173.0,2024-05-03 03:49:26.568,0,1,1,1,0,0,0,0.8519346733668343,2.2445912,EXISTING,"bird, cattle, exotic"
vet_c812097bd95847a2959fa43790fb9062,3.7,14.0,2024-05-24 10:58:53.915,0,1,1,1,1,1,0,0.614535175879397,2.2397084,EXISTING,"bird, cattle, exotic, pet, reptile"
vet_d1e4714be5c84009b72a5184d8c0370a,4.0,64.0,2024-06-10 16:23:35.955,0,0,0,1,0,0,0,0.7071608040201005,2.237267,EXISTING,exotic
vet_7686b0a4c40a439c950186448a00cc11,3.8,53.0,2024-05-15 20:25:44.973,0,1,1,1,1,1,0,0.6566331658291458,2.2299428,EXISTING,"bird, cattle, exotic, pet, reptile"
vet_e1fc6c58bd0c41fea644a4d36c57456b,2.6,166.0,2024-05-31 23:44:59.800,0,0,0,1,0,1,0,0.44341708542713576,2.1952748,EXISTING,"exotic, reptile"
vet_0db62e775f2847afbbc8eb22bd7e85b8,4.5,135.0,2024-05-20 13:52:01.697,1,0,1,1,1,1,0,0.8553391959798995,2.1635365,EXISTING,"aquatic, cattle, exotic, pet, reptile"
vet_7ceeba06001548e58347e4c93e3091b3,3.9,61.0,2024-05-18 07:11:53.732,0,0,0,1,0,0,0,0.6831532663316583,2.138146,EXISTING,exotic
vet_8a67579f1b4f4a32b5b6f6d4fdd66e99,4.7,147.0,2024-06-09 20:14:42.672,1,0,1,1,0,0,0,0.9063693467336683,2.1215444,EXISTING,"aquatic, cattle, exotic"
vet_160035af90ad4e338c431fb52906321a,4.0,153.0,2024-05-01 00:22:08.330,0,1,1,1,1,1,0,0.7518844221105528,2.1029897,EXISTING,"bird, cattle, exotic, pet, reptile"
vet_5b864b34dedf4d4eb6105ff27c387c05,5.0,54.0,2024-05-02 00:28:19.180,1,1,1,1,1,1,0,0.9271356783919599,2.093224,EXISTING,"aquatic, bird, cattle, exotic, pet, reptile"
vet_e84607315a5c461493c17d743f6138e5,3.8,103.0,2024-05-26 05:48:18.360,0,1,1,1,1,1,0,0.6817587939698493,2.0580678,EXISTING,"bird, cattle, exotic, pet, reptile"
vet_48005b3f14b54302a6722da50ec59815,2.9,14.0,2024-05-27 19:13:26.872,0,0,1,1,0,0,0,0.434535175879397,2.0312123,EXISTING,"cattle, exotic"
vet_6ebc58b13a6545e2a490762de806da56,2.2,89.0,2024-06-11 03:36:02.742,0,0,0,1,0,1,0,0.31472361809045235,2.028771,EXISTING,"exotic, reptile"
vet_cca407c822ed4f7c81e5c0f62744ddb9,4.0,125.00000000000001,2024-05-03 10:54:19.536,0,0,0,1,0,0,0,0.7378140703517588,2.0243764,EXISTING,exotic
vet_e4b95f8d5a19436ea5420ccd7dcaed2a,4.3,118.0,2024-05-20 09:35:00.755,1,0,1,1,1,1,0,0.8017964824120603,2.0111928,EXISTING,"aquatic, cattle, exotic, pet, reptile"
vet_f6751a6c4dc34805bc839f04a1726776,4.4,84.0,2024-06-04 20:07:47.115,1,0,1,1,0,0,0,0.807211055276382,2.0072865,EXISTING,"aquatic, cattle, exotic"
vet_776bfe6bdbd74e7a96eec38a2e2ee7f9,3.7,87.0,2024-05-15 00:10:23.151,0,1,1,1,1,1,0,0.6512185929648242,2.0043569,EXISTING,"bird, cattle, exotic, pet, reptile"
vet_c2e5ec588424473ba5b447812b2320da,3.8,70.0,2024-06-05 20:58:12.459,0,0,0,1,0,0,0,0.665175879396985,1.9960561,EXISTING,exotic
vet_e474f10ff1b64b0ab3359a8e0ff5a46e,4.8,20.0,2024-06-04 17:06:19.290,1,1,1,1,1,1,0,0.8650502512562814,1.9945912,EXISTING,"aquatic, bird, cattle, exotic, pet, reptile"
vet_3e0a8d68be4a43b2bc5fa95c9f7f4b61,4.7,135.0,2024-05-05 10:22:29.985,0,0,1,1,1,0,0,0.9003391959798995,1.9740834,EXISTING,"cattle, exotic, pet"
vet_33c291aca380489db10faeca5b018b75,5.0,97.0,2024-05-21 02:52:26.568,1,1,1,1,1,1,0,0.9487437185929648,1.9604115,EXISTING,"aquatic, bird, cattle, exotic, pet, reptile"
vet_d24e2fec615844c0a7c2d4ff0a6c803e,4.5,113.0,2024-05-21 13:27:14.401,0,1,0,1,1,1,0,0.8442839195979899,1.9418569,EXISTING,"bird, exotic, pet, reptile"
vet_cd738cb0c8174e33b3361e1c8a8401e4,4.8,37.0,2024-05-10 02:13:50.567,1,1,1,1,1,1,0,0.8735929648241206,1.9379506,EXISTING,"aquatic, bird, cattle, exotic, pet, reptile"
vet_6ff43ed820bf4a1395096baee7750c2b,3.0,78.0,2024-06-12 08:12:50.985,0,0,1,1,0,0,0,0.4891959798994975,1.931603,EXISTING,"cattle, exotic"
vet_b4b1f082218d48e196b2642afafc2b0d,2.2,113.0,2024-05-24 23:45:53.775,0,0,0,1,0,1,0,0.32678391959799,1.9262319,EXISTING,"exotic, reptile"
vet_1b2efc10d23946b3b22a343baa580b8a,3.7,113.0,2024-05-31 12:08:16.461,0,1,1,1,1,1,0,0.6642839195979899,1.9135365,EXISTING,"bird, cattle, exotic, pet, reptile"
vet_44d8097fb5184cfe84f954610bae6c31,4.8,53.0,2024-05-09 09:00:13.228,1,1,1,1,1,1,0,0.8816331658291457,1.8910756,EXISTING,"aquatic, bird, cattle, exotic, pet, reptile"
vet_63f3f14facc148c082aa11997cb55133,5.0,122.0,2024-06-11 14:33:46.439,1,1,1,1,1,1,0,0.9613065326633166,1.8695912,EXISTING,"aquatic, bird, cattle, exotic, pet, reptile"
vet_925a690f88bd48aba974b65d4b58ac17,2.6,96.0,2024-05-27 20:46:07.505,1,0,1,1,0,1,0,0.4082412060301508,1.8256459,EXISTING,"aquatic, cattle, exotic, reptile"
vet_e1d7370f43d448e593f8d67582f3d4be,4.8,21.0,2024-05-30 20:34:28.784,1,0,0,1,0,0,0,0.8655527638190954,1.8251576,EXISTING,"aquatic, exotic"
vet_e20b6ac591d14c67bdc20f7be3f34b23,4.7,42.0,2024-05-10 05:01:54.176,1,1,1,1,1,1,0,0.853605527638191,1.8236928,EXISTING,"aquatic, bird, cattle, exotic, pet, reptile"
vet_f5762b90393c47159c0f36cdde43d180,3.5,22.0,2024-05-08 22:10:37.101,0,0,0,1,0,0,0,0.5735552763819095,1.8207631,EXISTING,exotic
vet_5787f44231114202ba949084943eb390,3.7,138.0,2024-05-29 01:49:27.384,0,1,1,1,1,1,0,0.6768467336683417,1.81881,EXISTING,"bird, cattle, exotic, pet, reptile"
vet_b9efb58b6f6c49aa81135bb1a81fe586,5.0,73.0,2024-05-02 22:56:14.483,1,1,1,1,0,0,0,0.9366834170854271,1.8100209,EXISTING,"aquatic, bird, cattle, exotic"
vet_12325c8e3f7045dbbe9f5b66193c6ead,3.0,115.99999999999999,2024-05-24 15:16:40.503,0,0,1,1,0,0,0,0.5082914572864322,1.7939076,EXISTING,"cattle, exotic"
vet_b888089168ff4721b91227d077a43e99,3.3,17.0,2024-05-27 20:05:31.222,0,1,1,1,1,1,0,0.5260427135678392,1.7895131,EXISTING,"bird, cattle, exotic, pet, reptile"
vet_4607f9da19944b019f41aa42ee80d718,3.5,79.0,2024-05-29 22:13:18.860,0,1,1,1,1,1,0,0.6021984924623116,1.7836537,EXISTING,"bird, cattle, exotic, pet, reptile"
vet_60f2ed15075f453fbc4294c1981b5600,2.3,188.0,2024-05-28 06:09:54.417,0,0,0,1,0,1,0,0.3869723618090452,1.771935,EXISTING,"exotic, reptile"
vet_da8c120cb1bc4fedbe41be9ca0939668,2.8,61.0,2024-05-18 12:29:00.896,0,0,1,1,0,0,0,0.43565326633165824,1.75631,EXISTING,"cattle, exotic"
vet_9a3df0c0bf7b4e76b2c3d0ed71fca738,2.7,106.0,2024-05-05 10:46:12.296,0,0,1,1,1,1,0,0.43576633165829154,1.7416615,EXISTING,"cattle, exotic, pet, reptile"
vet_297e6a99966447aa9aef999f9638fcbc,3.1,37.0,2024-06-05 06:48:52.693,1,0,0,1,0,1,0,0.4910929648241206,1.7397084,EXISTING,"aquatic, exotic, reptile"
vet_508288cdd35c4b42ad04e80ac0beefa4,3.5,98.0,2024-05-28 10:29:32.413,0,1,1,1,1,1,0,0.6117462311557789,1.7348256,EXISTING,"bird, cattle, exotic, pet, reptile"
vet_8a39fd129fad4f49a8db4c10d089442f,4.5,109.0,2024-05-18 06:20:58.882,0,1,0,1,0,0,0,0.8422738693467337,1.7304311,EXISTING,"bird, exotic"
vet_39acc26bfef345d18d3d8225e58c7382,3.4,118.0,2024-06-01 02:25:06.740,1,1,1,1,0,1,0,0.5992964824120603,1.7289662,EXISTING,"aquatic, bird, cattle, exotic, reptile"
vet_db66c231486640aa8fe4e22cd7d54153,4.7,8.0,2024-05-16 05:02:14.156,1,1,1,1,0,0,0,0.8365201005025126,1.6913686,EXISTING,"aquatic, bird, cattle, exotic"
vet_391f460b95824f3692e5f13a482521dc,1.9,87.0,2024-05-06 03:00:49.407,0,0,0,1,0,1,0,0.24621859296482412,1.6879506,EXISTING,"exotic, reptile"
vet_7771fe4dbc634c68b2dd53d5bde8bd95,2.8,160.0,2024-06-09 20:21:57.976,0,0,1,1,1,1,0,0.48540201005025124,1.6576772,EXISTING,"cattle, exotic, pet, reptile"
vet_dffcbde6e7614b72bcb0a4ccb44b89c6,3.2,26.0,2024-05-12 14:18:56.268,0,1,1,1,1,1,0,0.5080653266331658,1.646935,EXISTING,"bird, cattle, exotic, pet, reptile"
vet_86ab9c3896d9448a80a861a2566e810a,3.8,156.0,2024-05-06 12:33:28.132,0,1,1,1,0,0,0,0.7083919597989949,1.646935,EXISTING,"bird, cattle, exotic"
vet_3d797f7562da479299124fc2a43a7bfc,3.0,32.0,2024-05-06 02:31:04.718,1,0,0,1,0,1,0,0.46608040201005024,1.6361928,EXISTING,"aquatic, exotic, reptile"
vet_e07576f416c5403ca444d3bd3d92e7cf,4.9,163.0,2024-05-02 05:48:35.360,1,1,1,1,1,1,0,0.9594095477386935,1.6283803,EXISTING,"aquatic, bird, cattle, exotic, pet, reptile"
vet_eed7bf974a074e02959cd45ffc866728,2.1,171.0,2024-05-27 09:13:46.565,0,0,0,1,0,1,0,0.3334296482412061,1.6186147,EXISTING,"exotic, reptile"
vet_34db8efe2f254bd3a430478387752a6a,3.5,198.0,2024-06-02 14:46:21.305,1,1,1,1,0,1,0,0.6619974874371859,1.5942006,EXISTING,"aquatic, bird, cattle, exotic, reptile"
vet_f439c243329f49f7a871ebea3e058d92,4.4,28.999999999999996,2024-06-06 16:44:49.252,1,0,0,1,1,1,0,0.7795728643216082,1.5756459,EXISTING,"aquatic, exotic, pet, reptile"
vet_0402ee5be00f4773a9622c1db7e39793,4.8,42.0,2024-05-16 07:14:04.459,0,0,0,1,1,0,0,0.8761055276381909,1.5697865,EXISTING,"exotic, pet"
vet_44df1ba6b449483c9d04320159fcd1b4,1.7,68.0,2024-06-04 19:24:40.212,0,0,0,1,0,1,0,0.19167085427135677,1.5365834,EXISTING,"exotic, reptile"
vet_491ca22a46064904b98f9d4907553d03,3.8,31.0,2024-06-10 07:50:49.320,1,0,1,1,0,0,0,0.6455778894472362,1.5087514,EXISTING,"aquatic, cattle, exotic"
vet_cfa6087d9530476da2b5ef2ec2a01fdc,4.9,148.0,2024-05-23 12:39:31.240,1,0,0,1,0,0,0,0.9518718592964824,1.502892,EXISTING,"aquatic, exotic"
vet_bad776e3991a4671a286865e3d14f21b,3.5,120.00000000000001,2024-05-13 14:33:59.400,0,0,0,1,0,0,0,0.6228015075376885,1.4945912,EXISTING,exotic
vet_21e232ef66d34e3e989feaa55300bb32,4.3,7.0,2024-05-24 15:29:36.764,1,1,1,1,1,1,0,0.7460175879396984,1.4779897,EXISTING,"aquatic, bird, cattle, exotic, pet, reptile"
vet_a33090c0ba454a0baf694c11f1d613d4,4.3,15.000000000000002,2024-05-09 20:40:32.192,1,1,1,1,1,1,0,0.750037688442211,1.4418569,EXISTING,"aquatic, bird, cattle, exotic, pet, reptile"
vet_f81228f3f6b440ea9e7475552abf4d7b,2.5,56.0,2024-05-20 01:02:29.564,0,0,1,1,0,0,0,0.365640703517588,1.4394155,EXISTING,"cattle, exotic"
vet_898a1e4281c24a60b23318f1d7659b2e,4.3,21.0,2024-05-30 16:25:38.201,1,1,1,1,1,1,0,0.7530527638190954,1.4379506,EXISTING,"aquatic, bird, cattle, exotic, pet, reptile"
vet_f7aae82d0a77414881cd85478708f0fb,4.7,82.0,2024-06-06 17:22:59.680,1,1,1,1,0,0,0,0.8737060301507538,1.436974,EXISTING,"aquatic, bird, cattle, exotic"
vet_ce2657d8e9dd42e1874e99d02dd82334,2.6,165.0,2024-05-25 00:22:24.351,0,0,1,1,1,1,0,0.4429145728643217,1.4067006,EXISTING,"cattle, exotic, pet, reptile"
vet_528fd9b0a0804685a7b258d8c7f19cbb,3.3,131.0,2024-05-29 06:16:22.728,0,1,1,1,1,1,0,0.5833291457286431,1.3940053,EXISTING,"bird, cattle, exotic, pet, reptile"
vet_0bb3d59035e14b5fa75f68c36f28218b,4.2,7.0,2024-05-10 09:55:26.932,1,1,1,1,1,1,0,0.7235175879396986,1.3881459,EXISTING,"aquatic, bird, cattle, exotic, pet, reptile"
vet_384b08767e7c494ba24c5653b99886c1,4.3,35.0,2024-06-06 00:36:36.905,1,1,1,1,1,1,0,0.7600879396984924,1.3842397,EXISTING,"aquatic, bird, cattle, exotic, pet, reptile"
vet_1b788900300344d0a02086231f766747,4.7,115.99999999999999,2024-06-01 11:03:34.964,1,0,0,1,0,0,0,0.8907914572864322,1.3808217,EXISTING,"aquatic, exotic"
vet_b8917332831a4900a0da16af87c5e388,4.3,41.0,2024-06-08 16:42:03.487,1,1,1,1,1,1,0,0.7631030150753768,1.365685,EXISTING,"aquatic, bird, cattle, exotic, pet, reptile"
vet_0734a63933d348a2867fe738a6492985,3.4,123.0,2024-05-19 05:12:52.398,0,0,0,1,0,0,0,0.6018090452261307,1.3617787,EXISTING,exotic
vet_3c0ee01c91494a70ae2f006fc4923189,4.1,87.0,2024-06-11 03:54:11.614,0,1,0,1,0,0,0,0.7412185929648241,1.3573842,EXISTING,"bird, exotic"
vet_1eae17b0e91e4806aef0b494abf671ff,3.8,91.0,2024-06-04 05:45:34.581,1,0,1,1,0,0,0,0.6757286432160804,1.3022084,EXISTING,"aquatic, cattle, exotic"
vet_7fe842e60d4b4f64ba30777c26efcf60,4.4,30.000000000000004,2024-06-08 10:36:50.872,1,1,1,1,0,0,0,0.7800753768844222,1.2856069,EXISTING,"aquatic, bird, cattle, exotic"
vet_ee43d3295bc0471089651ad2f16c29a1,4.2,31.0,2024-05-11 13:16:05.269,1,1,1,1,1,1,0,0.7355778894472362,1.2856069,EXISTING,"aquatic, bird, cattle, exotic, pet, reptile"
vet_32ef792faa054e57a0b424211fd95a18,4.4,114.0,2024-05-11 03:20:03.891,1,1,1,1,1,1,0,0.8222864321608041,1.2348256,EXISTING,"aquatic, bird, cattle, exotic, pet, reptile"
vet_b1b06881a168433c984d192ab78bdd18,4.4,64.0,2024-05-25 07:23:50.900,1,0,0,1,0,0,0,0.7971608040201006,1.2235951,EXISTING,"aquatic, exotic"
vet_e8c02d1a5f67439d84346dbdac161e22,2.8,43.0,2024-05-19 10:04:03.861,0,0,0,1,1,1,0,0.426608040201005,1.2108998,EXISTING,"exotic, pet, reptile"
vet_eb5c6d9a6fd14a9cafee6db0f38db5a2,3.8,66.0,2024-05-14 07:40:10.853,0,0,1,1,1,0,0,0.6631658291457286,1.2104115,EXISTING,"cattle, exotic, pet"
vet_2a547aaf079a45e8bae8716a923cfbbe,4.4,119.0,2024-05-09 19:14:16.750,1,1,1,1,1,1,0,0.8247989949748745,1.2045522,EXISTING,"aquatic, bird, cattle, exotic, pet, reptile"
vet_66945d1e30c444da954aa5b0d413729d,3.7,47.0,2024-05-25 05:13:53.550,0,0,1,1,1,0,0,0.6311180904522613,1.1742787,EXISTING,"cattle, exotic, pet"
vet_067762e4946c470b9e967d806a3d46c7,4.0,173.0,2024-05-24 04:31:39.327,0,1,0,1,1,1,0,0.7619346733668342,1.1742787,EXISTING,"bird, exotic, pet, reptile"
vet_f9a5949d34c04d4baa12a36e6c6f3102,4.5,157.0,2024-06-02 02:40:36.495,1,1,1,1,1,1,0,0.866394472361809,1.1654897,EXISTING,"aquatic, bird, cattle, exotic, pet, reptile"
vet_01df43066f1e469ea28cceab562ab035,4.8,197.0,2024-06-09 00:31:37.999,1,1,1,1,0,0,0,0.9539949748743719,1.1635365,EXISTING,"aquatic, bird, cattle, exotic"
vet_3ad9554f3d6b41319466d86850623d8d,4.3,37.0,2024-06-01 13:43:48.530,1,1,1,1,0,0,0,0.7610929648241206,1.146935,EXISTING,"aquatic, bird, cattle, exotic"
vet_af9d9c2ec198411095afe446415319e8,3.0,179.0,2024-06-02 07:46:37.518,1,0,0,1,0,1,0,0.5399497487437186,1.1420522,EXISTING,"aquatic, exotic, reptile"
vet_6aa34d831da046d8be21e093d03750ef,4.0,5.0,2024-05-29 16:07:19.984,1,1,1,1,1,1,0,0.6775125628140704,1.1410756,EXISTING,"aquatic, bird, cattle, exotic, pet, reptile"
vet_bbc6472265e145b39714a60fe5018ffc,2.0,46.0,2024-05-12 22:42:17.447,0,0,1,1,1,1,0,0.24811557788944724,1.1322865,EXISTING,"cattle, exotic, pet, reptile"
vet_ab5c4708cf224e36bc6010ac2f314ce7,4.4,144.0,2024-05-20 22:55:15.387,1,1,1,1,1,1,0,0.8373618090452263,1.1068959,EXISTING,"aquatic, bird, cattle, exotic, pet, reptile"
vet_23f91d483e294f3187ddc2a628195294,3.9,168.0,2024-06-08 13:31:32.922,0,1,0,1,1,1,0,0.7369221105527638,1.0981069,EXISTING,"bird, exotic, pet, reptile"
vet_7506287b5ca54400992bee785e5c79a3,4.4,151.0,2024-05-06 07:13:23.753,1,1,1,1,1,1,0,0.8408793969849248,1.0971303,EXISTING,"aquatic, bird, cattle, exotic, pet, reptile"
vet_3c0944850355491ca7550e78cd7df8ad,3.4,90.0,2024-06-12 14:23:38.777,1,0,1,1,1,1,0,0.5852261306532663,1.0961537,EXISTING,"aquatic, cattle, exotic, pet, reptile"
vet_4d6694ff0d95428c9d27bcfae9dd0151,4.0,27.0,2024-05-15 16:31:58.761,1,1,1,1,1,1,0,0.68856783919598,1.0629506,EXISTING,"aquatic, bird, cattle, exotic, pet, reptile"
vet_9fe5c7faecc84db9b5ef4ac0bdef3463,1.7,187.0,2024-05-14 10:29:14.273,0,1,1,1,0,1,0,0.25146984924623117,1.0570912,EXISTING,"bird, cattle, exotic, reptile"
vet_ee531c65589d42a794358a895786d27a,2.1,107.0,2024-05-23 09:56:34.990,0,0,1,1,1,1,0,0.30126884422110556,1.0365834,EXISTING,"cattle, exotic, pet, reptile"
vet_e99d30d8247748eab4c4c3a055d9954e,4.2,108.0,2024-06-02 23:42:05.030,1,1,1,1,1,1,0,0.7742713567839197,1.0229115,EXISTING,"aquatic, bird, cattle, exotic, pet, reptile"
vet_46c1cdc1a2134e34843708c179a68c26,4.4,173.0,2024-06-08 20:52:31.251,1,1,1,1,1,1,0,0.8519346733668343,1.0180287,EXISTING,"aquatic, bird, cattle, exotic, pet, reptile"
vet_8b64381ce47643e793fe9dcdb09ad766,2.2,88.0,2024-05-19 03:45:43.989,0,0,1,1,0,0,0,0.31422110552763827,0.987267,EXISTING,"cattle, exotic"
vet_e79bf1fbc91a406e8e05933f576b9037,4.0,160.0,2024-05-29 00:13:16.965,0,1,0,1,0,0,0,0.7554020100502513,0.98677874,EXISTING,"bird, exotic"
vet_2593558bf93b4184aaebe2ab9706194e,2.9,78.0,2024-05-21 06:04:51.693,0,0,0,1,0,0,0,0.4666959798994975,0.9638295,EXISTING,exotic
vet_041f476845894450871c75cf575dfb47,3.1,0.0,2024-05-05 14:15:56.428,1,1,0,1,0,1,0,0.47250000000000003,0.94771624,EXISTING,"aquatic, bird, exotic, reptile"
vet_a8b7588e1bde40c9bdfd2d1aabf28b05,2.1,141.0,2024-06-07 10:44:22.661,0,0,1,1,1,1,0,0.31835427135678396,0.94185686,EXISTING,"cattle, exotic, pet, reptile"
vet_d5a0ba01cf8a45b08736dbacf00325a2,4.4,150.0,2024-06-09 11:45:11.350,1,0,0,1,0,0,0,0.8403768844221107,0.9193959,EXISTING,"aquatic, exotic"
vet_496fbee789f14a02af770af53e1d9523,3.9,61.0,2024-05-12 07:41:14.790,1,0,0,1,1,1,0,0.6831532663316583,0.91841936,EXISTING,"aquatic, exotic, pet, reptile"
vet_4525630e7878455f99bc77851e40135b,3.8,155.0,2024-05-21 01:24:50.523,0,0,1,1,1,0,0,0.707889447236181,0.91304827,EXISTING,"cattle, exotic, pet"
vet_8459dd1f5e254527988f667d0636edf8,3.4,84.0,2024-05-04 14:22:05.997,1,0,1,1,0,0,0,0.582211055276382,0.8886342,EXISTING,"aquatic, cattle, exotic"
vet_9872d7c835da40db9f7c21dad1803516,3.9,49.99999999999999,2024-05-06 05:43:04.793,1,1,1,1,1,1,0,0.6776256281407035,0.8803334,EXISTING,"aquatic, bird, cattle, exotic, pet, reptile"
vet_703ef0d42a474b70a1a477213453ec36,3.1,147.0,2024-05-30 13:07:07.276,0,1,1,1,0,0,0,0.5463693467336683,0.87935686,EXISTING,"bird, cattle, exotic"
vet_cebba6399f674cd7ad9eb5893b373a98,4.1,118.0,2024-05-25 23:50:13.100,1,1,1,1,1,1,0,0.7567964824120602,0.8705678,EXISTING,"aquatic, bird, cattle, exotic, pet, reptile"
vet_8259c52f4e3744148320af61223a0962,3.6,136.0,2024-06-12 09:06:35.382,0,1,0,1,1,1,0,0.6533417085427137,0.8676381,EXISTING,"bird, exotic, pet, reptile"
vet_03b92e8eefea4f09987661df430fdc7b,3.9,72.0,2024-06-11 15:38:29.688,1,0,0,1,1,1,0,0.688680904522613,0.865685,EXISTING,"aquatic, exotic, pet, reptile"
vet_81fe3cb762e74f8692c5395e4c999c52,4.3,186.0,2024-05-11 15:17:40.220,1,1,1,1,1,1,0,0.835967336683417,0.85591936,EXISTING,"aquatic, bird, cattle, exotic, pet, reptile"
vet_c85f23f95a244b25bf464bbfa721aeee,4.2,92.0,2024-06-07 20:11:45.357,1,1,1,1,0,0,0,0.7662311557788946,0.84615374,EXISTING,"aquatic, bird, cattle, exotic"
vet_12015216e2714b10bb0973e5a0d79163,4.1,159.0,2024-05-14 19:44:43.457,1,0,0,1,1,1,0,0.7773994974874371,0.80416155,EXISTING,"aquatic, exotic, pet, reptile"
vet_c65bcb8811a147e0b5ca6dafa627ca7e,4.3,154.0,2024-05-29 22:48:14.472,1,0,0,1,0,0,0,0.8198869346733668,0.7973256,EXISTING,"aquatic, exotic"
vet_56f6fee5fba44a5b9982e6b02979e4c6,2.9,197.0,2024-06-08 00:00:14.921,0,0,0,1,1,1,0,0.5264949748743719,0.7748647,EXISTING,"exotic, pet, reptile"
vet_3f9b85a811d548a7b04d87297112c890,4.0,113.0,2024-05-07 21:46:49.488,1,1,1,1,1,1,0,0.73178391959799,0.76802874,EXISTING,"aquatic, bird, cattle, exotic, pet, reptile"
vet_f5e9b5d91e7842939256f2bc5385e6e7,3.1,92.0,2024-06-10 09:35:22.281,1,0,1,1,1,1,0,0.5187311557788945,0.75435686,EXISTING,"aquatic, cattle, exotic, pet, reptile"
vet_044e4d3c93ee44c3888b19e8cd7a8205,4.0,143.0,2024-05-12 07:53:42.482,1,0,0,1,1,1,0,0.7468592964824121,0.74654436,EXISTING,"aquatic, exotic, pet, reptile"
vet_bcf7d397c0a0455a97993ed873cb7da7,2.4,28.999999999999996,2024-05-10 19:21:16.860,0,1,1,1,1,1,0,0.32957286432160804,0.7455678,EXISTING,"bird, cattle, exotic, pet, reptile"
vet_914daf2699094fdbbe40e12d0adbd726,1.5,2.0,2024-05-04 08:12:41.500,0,0,1,1,1,1,0,0.11350502512562814,0.73384905,EXISTING,"cattle, exotic, pet, reptile"
vet_bbfa792d03264273a5bb5ab687ae7988,4.1,161.0,2024-06-11 20:01:17.432,1,1,1,1,1,1,0,0.7784045226130653,0.7240834,EXISTING,"aquatic, bird, cattle, exotic, pet, reptile"
vet_cd5006b16dee4689a92147b32890572d,2.9,43.0,2024-05-29 19:02:45.345,1,0,1,1,1,1,0,0.44910804020100503,0.709435,EXISTING,"aquatic, cattle, exotic, pet, reptile"
vet_7800516c720045c09a1eac627cd60f8e,3.6,3.0,2024-05-31 07:50:28.553,1,1,1,1,1,1,0,0.5865075376884423,0.70748186,EXISTING,"aquatic, bird, cattle, exotic, pet, reptile"
vet_ab0a0be62cfb45b98f4717888add965c,2.6,55.00000000000001,2024-05-20 16:06:55.363,0,0,0,1,0,0,0,0.3876381909547739,0.706017,EXISTING,exotic
vet_63d79e732a5949548742fdc515d39974,4.1,46.0,2024-06-05 02:58:42.770,0,1,1,1,1,0,0,0.7206155778894472,0.70259905,EXISTING,"bird, cattle, exotic, pet"
vet_ab48b68f5bc34bdd97417c5c7cbd5289,4.8,142.0,2024-05-05 11:06:35.549,1,1,0,1,1,1,0,0.926356783919598,0.7006459,EXISTING,"aquatic, bird, exotic, pet, reptile"
vet_9d1eadedc1d24caa93dcfc0efa0b0e68,4.2,195.0,2024-05-14 02:32:59.884,1,1,1,1,1,1,0,0.8179899497487438,0.6967397,EXISTING,"aquatic, bird, cattle, exotic, pet, reptile"
vet_e0190f00b32945e3a654af1d8f262e5f,3.7,44.0,2024-06-11 16:34:11.923,1,1,1,1,1,1,0,0.6296105527638192,0.68990374,EXISTING,"aquatic, bird, cattle, exotic, pet, reptile"
vet_6435da18e9c84631b19d8d5795eebeb9,4.0,137.0,2024-05-30 10:57:04.169,1,1,1,1,1,1,0,0.7438442211055277,0.67623186,EXISTING,"aquatic, bird, cattle, exotic, pet, reptile"
vet_d0e806de4e4d4258b49d22f3922d91d3,3.6,191.0,2024-05-04 16:36:44.634,0,1,0,1,1,1,0,0.6809798994974875,0.6752553,EXISTING,"bird, exotic, pet, reptile"
vet_28d5c9d163004a039dce770d787a24d7,4.0,160.0,2024-05-23 00:52:47.366,1,0,0,1,1,1,0,0.7554020100502513,0.67427874,EXISTING,"aquatic, exotic, pet, reptile"
vet_9c69bb808a20492caddce34d66b1d473,1.7,82.0,2024-05-25 15:34:53.291,0,0,1,1,1,1,0,0.19870603015075378,0.6733022,EXISTING,"cattle, exotic, pet, reptile"
vet_dd06165bb59d44fca7968582738b1d07,3.4,146.0,2024-05-23 10:45:27.270,1,0,1,1,0,0,0,0.6133668341708542,0.67134905,EXISTING,"aquatic, cattle, exotic"
vet_899484b1bd7b4d6ea614fe8c1cdd2f6a,3.6,199.0,2024-05-08 04:21:41.881,0,1,0,1,1,1,0,0.685,0.6547475,EXISTING,"bird, exotic, pet, reptile"
vet_6de7dde850724d7b8e92b40f23ad3089,4.9,73.0,2024-05-07 23:31:39.205,0,1,0,1,1,0,0,0.9141834170854272,0.64791155,EXISTING,"bird, exotic, pet"
vet_d5bd4de4fbcb45bd9b378f75e244ef4f,4.8,164.0,2024-05-12 06:53:19.684,1,1,0,1,1,1,0,0.9374120603015075,0.646935,EXISTING,"aquatic, bird, exotic, pet, reptile"
vet_db9c2a3131c94b8799cbadf3fec1d66b,3.0,61.0,2024-05-19 01:22:02.261,1,1,0,1,0,1,0,0.4806532663316583,0.6410756,EXISTING,"aquatic, bird, exotic, reptile"
vet_3778860950a6497cb911eb033d42974e,1.5,33.0,2024-05-12 12:00:26.769,0,0,1,1,1,1,0,0.12908291457286433,0.63521624,EXISTING,"cattle, exotic, pet, reptile"
vet_08e11a63b2da445ba0dd066507aced10,3.7,84.0,2024-05-21 16:41:48.935,1,0,0,1,1,1,0,0.649711055276382,0.6127553,EXISTING,"aquatic, exotic, pet, reptile"
vet_97dc25df254a4ef78b18a973cc1c2d80,3.6,37.0,2024-05-28 01:13:26.859,1,1,1,1,1,1,0,0.6035929648241207,0.59615374,EXISTING,"aquatic, bird, cattle, exotic, pet, reptile"
vet_a5e9ff61257947a1bb6b428e05250e5e,2.8,138.0,2024-05-22 17:19:41.387,0,1,1,1,0,0,0,0.4743467336683417,0.5863881,EXISTING,"bird, cattle, exotic"
vet_0c6885e6da1a49d9b4876858d64967bc,2.1,47.0,2024-06-04 18:00:09.782,1,0,0,1,0,1,0,0.2711180904522613,0.58589983,EXISTING,"aquatic, exotic, reptile"
vet_6c5cd4b9282f435abbc173438fa90d95,3.9,83.0,2024-06-04 13:45:56.760,1,1,1,1,0,0,0,0.6942085427135678,0.5365834,EXISTING,"aquatic, bird, cattle, exotic"
vet_cefc479d9f3445b38d0c8fd331c04290,2.3,57.99999999999999,2024-05-07 03:25:36.578,0,1,1,1,1,1,0,0.32164572864321606,0.5326772,EXISTING,"bird, cattle, exotic, pet, reptile"
vet_d2c6218181634492983182ae85515ea7,3.2,125.99999999999999,2024-05-21 14:38:43.484,1,0,1,1,0,0,0,0.5583165829145729,0.5209584,EXISTING,"aquatic, cattle, exotic"
vet_b82c6b034ac94622a5aa7a08e31f4ca0,3.7,41.0,2024-05-05 23:33:11.828,1,0,0,1,0,0,0,0.6281030150753769,0.52047014,EXISTING,"aquatic, exotic"
vet_f09629ec6ea94ca4bacd8ca2fa9a8afb,4.7,134.0,2024-05-27 13:10:39.560,1,0,1,1,1,0,0,0.8998366834170854,0.5160756,EXISTING,"aquatic, cattle, exotic, pet"
vet_8c54dc6e33f6449797f82824b350b822,2.8,175.0,2024-05-21 21:09:32.442,0,0,0,1,0,0,0,0.4929396984924623,0.5141225,EXISTING,exotic
vet_d2261924fbc0434b832f763100a32a6a,4.9,173.0,2024-05-23 15:36:45.696,1,1,0,1,0,0,0,0.9644346733668342,0.5082631,EXISTING,"aquatic, bird, exotic"
vet_090022fc21204da2b89b29e1394bd96f,3.4,140.0,2024-05-13 01:30:05.120,0,0,1,1,1,0,0,0.6103517587939699,0.50631,EXISTING,"cattle, exotic, pet"
vet_567b44c06e4642ef9bdd15a0328328be,3.9,164.0,2024-05-21 03:15:45.484,1,1,1,1,1,1,0,0.7349120603015076,0.47603652,EXISTING,"aquatic, bird, cattle, exotic, pet, reptile"
vet_4e74f923b66d48be8832ff321efd43d7,3.7,104.99999999999999,2024-06-05 23:37:51.820,1,1,1,1,1,1,0,0.6602638190954774,0.47310683,EXISTING,"aquatic, bird, cattle, exotic, pet, reptile"
vet_89efdbbea66e4c05ae84362f03ba87b4,1.8,108.0,2024-05-06 16:37:32.560,0,0,1,1,0,0,0,0.23427135678391964,0.46773574,EXISTING,"cattle, exotic"
vet_903380a051a54a23a4872f028631f599,2.7,162.0,2024-05-31 02:09:17.402,0,0,0,1,0,0,0,0.46390703517587945,0.44918105,EXISTING,exotic
vet_93bbb1b06f514a3cabe60315f30902e0,2.4,189.0,2024-05-07 02:39:34.977,1,0,0,1,0,1,0,0.4099748743718593,0.4320912,EXISTING,"aquatic, exotic, reptile"
vet_7cab1a36400b4d9a83fcab0794a5a810,3.8,148.0,2024-05-04 06:26:48.414,1,1,1,1,1,1,0,0.7043718592964824,0.42916152,EXISTING,"aquatic, bird, cattle, exotic, pet, reptile"
vet_e10c7799abbc49cfbdddad0fad094bad,1.5,24.999999999999996,2024-05-26 09:58:36.819,0,0,1,1,0,0,0,0.12506281407035175,0.4242787,EXISTING,"cattle, exotic"
vet_834e449f75f14b2f9d807a04419070cf,2.4,123.0,2024-05-04 01:42:40.992,0,1,1,1,1,1,0,0.3768090452261307,0.41548964,EXISTING,"bird, cattle, exotic, pet, reptile"
vet_4d8edd4334494babac8e70b2aa693ffb,3.2,190.0,2024-05-14 12:01:10.610,1,1,0,1,0,1,0,0.5904773869346734,0.41353652,EXISTING,"aquatic, bird, exotic, reptile"
vet_b5f3ed00ca1244a99dd229b21e9aac88,2.7,178.0,2024-05-15 20:49:31.871,0,0,0,1,0,0,0,0.4719472361809046,0.39205214,EXISTING,exotic
vet_a056b99bd431415a910cfe8ca1d66ea0,3.8,162.0,2024-06-01 05:04:58.414,1,1,1,1,1,1,0,0.7114070351758794,0.37838027,EXISTING,"aquatic, bird, cattle, exotic, pet, reptile"
vet_2444020470a846bb83dd2a21d655f23e,2.6,37.0,2024-05-19 08:50:56.855,1,0,1,1,1,1,0,0.37859296482412064,0.3725209,EXISTING,"aquatic, cattle, exotic, pet, reptile"
vet_eac4dac6893a44e2a238520f97c1a71b,3.9,199.0,2024-06-01 03:08:04.902,1,1,1,1,1,1,0,0.7525,0.37056777,EXISTING,"aquatic, bird, cattle, exotic, pet, reptile"
vet_3b645686b12c44cdba150778f1984bfe,4.2,49.99999999999999,2024-06-07 14:30:17.219,1,1,0,1,1,1,0,0.7451256281407036,0.36861464,EXISTING,"aquatic, bird, exotic, pet, reptile"
vet_4a794a7978654dcd9e59e492ff66c3c3,2.4,193.0,2024-05-28 12:02:23.070,1,1,1,1,0,1,0,0.4119849246231156,0.36568496,EXISTING,"aquatic, bird, cattle, exotic, reptile"
vet_0023bcc47b754c429f789546865bd8c8,3.5,71.0,2024-05-25 01:08:56.300,1,1,1,1,1,1,0,0.5981783919597989,0.35982558,EXISTING,"aquatic, bird, cattle, exotic, pet, reptile"
vet_233cbcaf1c244267a6674f334ae03b50,2.6,141.0,2024-05-10 21:01:05.253,0,1,1,1,0,0,0,0.43085427135678395,0.35054824,EXISTING,"bird, cattle, exotic"
vet_56f5fe3d9ff741b689784ae8e03b9702,4.3,22.0,2024-05-16 18:04:52.893,1,1,0,1,0,0,0,0.7535552763819094,0.35005996,EXISTING,"aquatic, bird, exotic"
vet_9fb4fe67ea3645c4bf663916b832d3e6,3.5,79.0,2024-05-22 01:28:51.365,1,1,1,1,1,1,0,0.6021984924623116,0.34713027,EXISTING,"aquatic, bird, cattle, exotic, pet, reptile"
vet_c7301cea222e4f2ea0480f084f2b871e,2.0,17.0,2024-05-07 19:10:24.195,0,1,1,1,1,1,0,0.2335427135678392,0.34420058,EXISTING,"bird, cattle, exotic, pet, reptile"
vet_6602d501d3a2454390d95aae42dab981,2.5,185.0,2024-06-10 13:54:09.333,0,1,1,1,1,1,0,0.43046482412060305,0.32369277,EXISTING,"bird, cattle, exotic, pet, reptile"
vet_f44ec9dbe2dd42cfb3ec4c676504a562,1.4,144.0,2024-05-10 11:17:08.719,1,0,1,1,0,1,0,0.16236180904522612,0.32173964,EXISTING,"aquatic, cattle, exotic, reptile"
vet_9b6a17623e1546bb98410745788d4dfc,2.3,135.0,2024-06-11 01:47:34.030,0,0,0,1,1,1,0,0.3603391959798995,0.32125136,EXISTING,"exotic, pet, reptile"
vet_a78749c230954e1dbd9a6ebfbafecef6,2.2,106.0,2024-06-11 22:45:29.986,0,0,0,1,1,1,0,0.32326633165829155,0.31880996,EXISTING,"exotic, pet, reptile"
vet_cffe14d3754b4ae79e94b8d44f9e4f66,3.8,119.0,2024-05-22 20:06:44.495,1,1,1,1,0,0,0,0.6897989949748744,0.31099746,EXISTING,"aquatic, bird, cattle, exotic"
vet_4fd95c0fb63a43258ace69ba5bbe59eb,3.0,118.0,2024-05-29 10:02:59.188,1,0,1,1,0,0,0,0.5092964824120603,0.30660293,EXISTING,"aquatic, cattle, exotic"
vet_11ae9fb614224db993c43cbb03d4c46f,2.1,61.0,2024-06-06 20:03:11.930,0,1,1,1,1,1,0,0.2781532663316583,0.30611464,EXISTING,"bird, cattle, exotic, pet, reptile"
vet_41a8648a20c148cfa95097191be0d731,1.6,127.0,2024-05-27 07:58:47.155,0,1,0,1,0,1,0,0.19881909547738696,0.30025527,EXISTING,"bird, exotic, reptile"
vet_6cbc48e3bfce4538b71678092fb4f429,3.7,84.0,2024-06-06 02:34:44.894,1,1,1,1,0,0,0,0.649711055276382,0.29732558,EXISTING,"aquatic, bird, cattle, exotic"
vet_b0725cd6974541e685275f08c6efc1cd,3.7,51.0,2024-05-13 20:09:32.218,0,0,0,1,1,0,0,0.6331281407035176,0.29537246,EXISTING,"exotic, pet"
vet_58e81cc0808b4bd199571fed9d29c8d2,1.4,103.0,2024-05-20 23:49:07.137,0,0,1,1,1,1,0,0.14175879396984925,0.28853652,EXISTING,"cattle, exotic, pet, reptile"
vet_1dab77f6f12c40139fd77dadb5aaa237,3.5,98.0,2024-06-08 02:31:10.628,1,1,1,1,1,1,0,0.6117462311557789,0.28267714,EXISTING,"aquatic, bird, cattle, exotic, pet, reptile"
vet_aedff2556f0840a0b162658173d9da08,3.1,76.0,2024-05-24 10:24:53.227,0,1,0,1,0,0,0,0.5106909547738694,0.2763295,EXISTING,"bird, exotic"
vet_8ca2644f70d64cf095cdf2ac52c957e4,2.4,170.0,2024-05-11 05:57:46.567,0,1,1,1,1,1,0,0.40042713567839194,0.27291152,EXISTING,"bird, cattle, exotic, pet, reptile"
vet_024fae6750e64ee493469692594d3266,2.2,101.0,2024-05-25 07:27:29.138,0,1,1,1,1,1,0,0.3207537688442212,0.26412246,EXISTING,"bird, cattle, exotic, pet, reptile"
vet_f33e043e06224e5995dc57902eb45295,2.8,57.0,2024-05-01 06:32:53.590,0,1,0,1,1,1,0,0.43364321608040196,0.23384902,EXISTING,"bird, exotic, pet, reptile"
vet_47c4c90c25964b76b9bb6c95b766e355,4.1,62.0,2024-05-29 04:01:29.205,1,1,0,1,1,1,0,0.7286557788944723,0.22603652,EXISTING,"aquatic, bird, exotic, pet, reptile"
vet_eca15f21495944d5a96534aeacf2ce44,2.2,139.0,2024-06-07 01:38:56.131,0,0,0,1,1,1,0,0.33984924623115587,0.20992324,EXISTING,"exotic, pet, reptile"
vet_d648d9fdc4d9412386287b1c5a1eaa06,2.5,165.0,2024-05-23 17:46:49.280,0,0,0,1,0,0,0,0.42041457286432166,0.20455214,EXISTING,exotic
vet_141eec0f91e244e7b6103416581724e0,2.7,57.0,2024-05-07 11:57:55.404,1,0,1,1,0,0,0,0.41114321608040205,0.20113418,EXISTING,"aquatic, cattle, exotic"
vet_172688b49ed54459b4bdefde6266a8cc,3.5,123.0,2024-05-17 13:11:12.766,1,1,1,1,1,1,0,0.6243090452261306,0.1928334,EXISTING,"aquatic, bird, cattle, exotic, pet, reptile"
vet_72d029af358d4ef8a367e0d079fdbf9a,3.8,98.0,2024-06-11 18:49:51.295,0,1,1,1,1,0,0,0.6792462311557789,0.18306777,EXISTING,"bird, cattle, exotic, pet"
vet_760f08b944dc4adcab4711c567bfeedf,3.2,31.0,2024-06-02 03:54:53.604,1,1,1,1,1,1,0,0.5105778894472363,0.17623183,EXISTING,"aquatic, bird, cattle, exotic, pet, reptile"
vet_6556839e1e044503853b05398b244c35,2.5,34.0,2024-06-05 15:50:36.143,1,1,0,1,0,1,0,0.3545854271356784,0.16060683,EXISTING,"aquatic, bird, exotic, reptile"
vet_cf386e4aa3044f64848e0b700155878c,1.7,166.0,2024-05-22 23:35:35.813,0,0,1,1,0,0,0,0.2409170854271357,0.1537709,EXISTING,"cattle, exotic"
vet_7732e54dfff84a95ac8f785c6b53c492,1.1,9.0,2024-05-08 22:07:50.443,0,1,0,1,0,1,0,0.027022613065326655,0.15035293,EXISTING,"bird, exotic, reptile"
vet_0a69f6674c69455a97923ec6723940f3,3.2,37.0,2024-05-04 10:37:36.523,1,1,1,1,1,1,0,0.5135929648241206,0.1430287,EXISTING,"aquatic, bird, cattle, exotic, pet, reptile"
vet_660e99af10124edba0cc2e8179f692a2,3.6,67.0,2024-05-05 07:20:01.760,0,0,0,1,1,0,0,0.6186683417085428,0.13179824,EXISTING,"exotic, pet"
vet_3c02529e1e634325b9d88fd76d1e695a,2.6,110.00000000000001,2024-06-01 17:34:42.172,1,0,1,1,1,1,0,0.4152763819095478,0.1274037,EXISTING,"aquatic, cattle, exotic, pet, reptile"
vet_6b2147753d2b4a89a66199c1dca3b2ca,2.1,66.0,2024-05-30 13:12:11.904,0,0,0,1,0,0,0,0.2806658291457287,0.11568496,EXISTING,exotic
vet_936fe8bbf08a4c859ad63b393ce8f5cc,2.0,157.0,2024-05-03 15:22:37.387,1,0,0,1,0,1,0,0.30389447236180905,0.099571675,EXISTING,"aquatic, exotic, reptile"
vet_2d4290633fe0460394d8a231127113b5,3.1,17.0,2024-05-26 18:05:17.891,1,1,1,1,1,1,0,0.48104271356783923,0.099083394,EXISTING,"aquatic, bird, cattle, exotic, pet, reptile"
vet_c65d659acb7e4c9ab3b358f764f47d76,4.1,101.0,2024-05-21 00:30:14.586,1,1,0,1,1,1,0,0.748253768844221,0.09322402,EXISTING,"aquatic, bird, exotic, pet, reptile"
vet_be579f30d9954bf4b1eaea385ffd1b31,3.8,182.0,2024-05-26 19:52:07.293,1,1,1,1,0,0,0,0.7214572864321608,0.08931777,EXISTING,"aquatic, bird, cattle, exotic"
vet_d7b3832534c24e168e6a5ef2563f09ec,1.8,96.0,2024-06-12 07:48:26.560,1,0,0,1,0,1,0,0.22824120603015077,0.075645894,EXISTING,"aquatic, exotic, reptile"
vet_2c40e625290b4affa36f9fe5f3164346,3.1,27.0,2024-06-09 08:31:14.637,1,1,1,1,1,1,0,0.48606783919597996,0.07466933,EXISTING,"aquatic, bird, cattle, exotic, pet, reptile"
vet_b3e76b07974c40a49c67e5fac571dbfc,2.5,194.0,2024-05-25 02:03:06.802,0,1,1,1,0,0,0,0.4349874371859297,0.053184956,EXISTING,"bird, cattle, exotic"
vet_b0e905e164aa4731b14a18b5652081e8,3.3,99.99999999999999,2024-06-09 14:52:20.509,1,1,1,1,1,1,0,0.567751256281407,0.052208394,EXISTING,"aquatic, bird, cattle, exotic, pet, reptile"
vet_1a2c9c7f3e674afda58ddd35361d1fa9,2.6,69.0,2024-05-09 03:15:25.472,1,0,1,1,0,0,0,0.39467336683417087,0.04732558,EXISTING,"aquatic, cattle, exotic"
vet_7db0e317b31c4deab25769e154f12bb2,3.3,95.0,2024-05-26 14:43:52.750,1,1,1,1,1,1,0,0.5652386934673367,0.045372456,EXISTING,"aquatic, bird, cattle, exotic, pet, reptile"
vet_2bd3aacf1a1f42a69a3f52053b1ecf9d,2.7,168.0,2024-05-03 06:09:53.442,1,0,1,1,1,1,0,0.4669221105527639,0.04341933,EXISTING,"aquatic, cattle, exotic, pet, reptile"
vet_43e510bd08e445e7b5747845da13c762,4.3,183.0,2024-06-04 09:54:10.953,1,1,0,1,1,1,0,0.8344597989949748,0.03170058,EXISTING,"aquatic, bird, exotic, pet, reptile"
vet_6f7cce11795c42828db554cd802ac23a,3.3,107.0,2024-05-17 23:14:02.730,1,1,1,1,1,1,0,0.5712688442211055,0.011192769,EXISTING,"aquatic, bird, cattle, exotic, pet, reptile"
vet_e1a819af380f4c888e328b6c4f81d031,4.3,67.0,2024-05-13 17:48:16.168,0,1,0,1,1,0,0,0.7761683417085427,0.00386855,EXISTING,"bird, exotic, pet"
vet_4398abd9d2074a2d96d87594fbc41fef,3.1,40.0,2024-05-10 01:06:50.564,1,1,1,1,1,1,0,0.4926005025125628,0.0033802688,EXISTING,"aquatic, bird, cattle, exotic, pet, reptile"
vet_f6932aedb42041b790856edce48554da,2.7,185.0,2024-06-03 17:00:12.666,1,0,1,1,1,1,0,0.4754648241206031,-0.0054087937,EXISTING,"aquatic, cattle, exotic, pet, reptile"
vet_2fd22166df3b4de29d876d8d3312e810,1.1,141.0,2024-05-23 17:34:17.129,1,0,1,1,0,1,0,0.09335427135678394,-0.0068736374,EXISTING,"aquatic, cattle, exotic, reptile"
vet_16e6743d63c4400f8be17010e15df612,3.4,142.0,2024-05-31 03:40:55.546,1,1,1,1,1,1,0,0.611356783919598,-0.013221294,EXISTING,"aquatic, bird, cattle, exotic, pet, reptile"
vet_a62357b9754a4b018c1bdfdbfac6f04d,4.7,33.0,2024-06-09 01:33:38.843,1,1,1,1,1,0,0,0.8490829145728643,-0.03177598,EXISTING,"aquatic, bird, cattle, exotic, pet"
vet_91cffa06ca9045758489f68545eedab3,4.0,67.0,2024-05-24 22:46:18.511,1,0,1,1,1,0,0,0.7086683417085428,-0.032752544,EXISTING,"aquatic, cattle, exotic, pet"
vet_4e01e881a01b45e2a374a575d270ffc7,3.4,158.0,2024-06-01 20:28:43.460,1,1,1,1,1,1,0,0.6193969849246231,-0.048377544,EXISTING,"aquatic, bird, cattle, exotic, pet, reptile"
vet_8789f84a5463466c867bbb15b64d372c,1.2,68.0,2024-05-21 13:19:50.785,0,0,1,1,0,0,0,0.07917085427135678,-0.057166606,EXISTING,"cattle, exotic"
vet_31d88eb5785e40aaaff20532eabc2b8e,1.9,104.0,2024-06-05 05:49:15.530,0,1,1,1,1,1,0,0.2547613065326633,-0.072791606,EXISTING,"bird, cattle, exotic, pet, reptile"
vet_441195e4fef54acb9f4c4889215ed416,4.1,146.0,2024-06-11 00:06:16.357,1,1,0,1,1,1,0,0.7708668341708542,-0.080604106,EXISTING,"aquatic, bird, exotic, pet, reptile"
vet_e96daaef9924411fa588955589df75f6,2.0,92.0,2024-05-07 17:08:43.680,0,0,0,1,0,0,0,0.27123115577889445,-0.09525254,EXISTING,exotic
vet_5214d5ff4f32473fa3bec388e5e9f13f,3.3,145.0,2024-05-17 22:10:37.120,1,1,1,1,1,1,0,0.5903643216080402,-0.09818223,EXISTING,"aquatic, bird, cattle, exotic, pet, reptile"
vet_e8d40ab312fc409e9f5e28eaa513a180,3.5,103.0,2024-06-02 21:07:44.620,0,0,0,1,1,0,0,0.6142587939698493,-0.10990098,EXISTING,"exotic, pet"
vet_eb25db5b268f4f5d8bcad885e7b983b5,2.4,33.0,2024-05-23 05:16:01.262,0,1,0,1,1,1,0,0.3315829145728643,-0.1304088,EXISTING,"bird, exotic, pet, reptile"
vet_bbae670673c64929a6fb2b5a22ed885c,2.5,2.0,2024-06-02 06:40:07.129,0,1,0,1,0,0,0,0.3385050251256282,-0.13870957,EXISTING,"bird, exotic"
vet_8d5908f7945a4b88a20125888c0cbf99,2.9,28.0,2024-05-06 13:39:24.530,1,1,1,1,1,1,0,0.44157035175879394,-0.1616588,EXISTING,"aquatic, bird, cattle, exotic, pet, reptile"
vet_9f7b5a3f1151414ca0b090b8e67ce01c,3.1,94.0,2024-05-12 18:09:24.751,1,1,1,1,1,1,0,0.5197361809045227,-0.16361192,EXISTING,"aquatic, bird, cattle, exotic, pet, reptile"
vet_a632ed50c710444e8a796f7d08d06e2c,3.0,64.0,2024-05-30 16:41:42.467,1,1,1,1,1,1,0,0.48216080402010053,-0.1772838,EXISTING,"aquatic, bird, cattle, exotic, pet, reptile"
vet_7ec5084c85fb4763b808533708d52013,3.3,169.0,2024-06-03 02:20:45.440,1,1,1,1,1,1,0,0.6024246231155779,-0.19388536,EXISTING,"aquatic, bird, cattle, exotic, pet, reptile"
vet_7e11734628ff44baa2220f2cda74a66a,4.1,186.0,2024-05-27 16:50:26.399,1,1,0,1,1,1,0,0.790967336683417,-0.19681504,EXISTING,"aquatic, bird, exotic, pet, reptile"
vet_e6baf1f2375f4e03b331db78553b4c51,2.8,8.0,2024-05-20 23:27:51.434,1,1,1,1,1,1,0,0.40902010050251253,-0.20267442,EXISTING,"aquatic, bird, cattle, exotic, pet, reptile"
vet_93374ad32c7c4d86904913e5519f79c3,1.5,30.000000000000004,2024-05-30 01:47:18.400,0,0,0,1,1,1,0,0.1275753768844221,-0.2163463,EXISTING,"exotic, pet, reptile"
vet_a9fa639cf4fb4dd29240e1432b761348,2.8,11.0,2024-05-01 00:55:10.790,1,1,1,1,1,1,0,0.4105276381909547,-0.22025254,EXISTING,"aquatic, bird, cattle, exotic, pet, reptile"
vet_0c440c95cc3f4caa9604b3d399976466,2.5,28.0,2024-05-19 19:52:44.839,0,1,0,1,0,0,0,0.351570351758794,-0.23734239,EXISTING,"bird, exotic"
vet_72a943876b53462c8f5a805e1aa9a77f,4.1,197.0,2024-05-09 07:00:23.348,1,1,0,1,1,1,0,0.7964949748743717,-0.24173692,EXISTING,"aquatic, bird, exotic, pet, reptile"
vet_c08d4bd0b83349de957bdbf9dbc61935,1.1,93.0,2024-05-13 15:41:51.719,0,0,1,1,0,0,0,0.06923366834170858,-0.25638536,EXISTING,"cattle, exotic"
vet_c559337477eb40fc9bc93a55ccd20541,1.6,11.0,2024-05-06 22:34:14.647,0,0,0,1,0,0,0,0.14052763819095482,-0.2656627,EXISTING,exotic
vet_5939aa124f0c47c0b73931b489a9e43d,3.2,89.0,2024-05-13 11:57:30.434,1,1,1,1,0,0,0,0.5397236180904523,-0.2710338,EXISTING,"aquatic, bird, cattle, exotic"
vet_817c4cea3f1947de921cd290e2a57148,2.1,67.0,2024-05-21 07:17:35.168,1,0,1,1,1,1,0,0.28116834170854277,-0.2866588,EXISTING,"aquatic, cattle, exotic, pet, reptile"
vet_44508831853f4b5d8d47cc949044293f,4.2,120.99999999999999,2024-05-28 10:14:54.487,0,1,0,1,1,0,0,0.7808040201005026,-0.28714707,EXISTING,"bird, exotic, pet"
vet_595f829996b147128e3a008d44cce764,4.1,144.0,2024-05-17 07:39:24.987,1,1,0,1,0,0,0,0.769861809045226,-0.2920299,EXISTING,"aquatic, bird, exotic"
vet_1a49ebf07db246baa4dde8fb3481e417,2.3,69.0,2024-06-04 19:58:03.170,1,0,1,1,0,0,0,0.32717336683417086,-0.2944713,EXISTING,"aquatic, cattle, exotic"
vet_7f99f6ca0dde45a1b3d1e7690c94dd86,2.8,32.0,2024-06-08 08:22:03.590,1,1,1,1,1,1,0,0.4210804020100502,-0.2993541,EXISTING,"aquatic, bird, cattle, exotic, pet, reptile"
vet_c9768c7c65574efead7ef9d60733c854,3.0,102.0,2024-06-09 12:17:13.701,1,1,1,1,1,1,0,0.5012562814070352,-0.3022838,EXISTING,"aquatic, bird, cattle, exotic, pet, reptile"
vet_f759ad5e06e54ad394cb3b2c29f05014,3.1,135.0,2024-05-13 01:54:01.149,1,1,1,1,1,1,0,0.5403391959798995,-0.30326036,EXISTING,"aquatic, bird, cattle, exotic, pet, reptile"
vet_075456c020d84ec0be82f512cd28328e,1.3,48.0,2024-05-25 13:10:15.482,1,0,0,1,0,1,0,0.0916206030150754,-0.31400254,EXISTING,"aquatic, exotic, reptile"
vet_59281fc35a774bad994e71d2d7ed4347,3.3,197.0,2024-05-02 08:47:14.566,1,1,1,1,1,1,0,0.6164949748743718,-0.32083848,EXISTING,"aquatic, bird, cattle, exotic, pet, reptile"
vet_9d43086c56b5467d9a233e250af9cbf2,4.7,119.0,2024-05-29 12:25:18.460,1,1,1,1,1,0,0,0.8922989949748744,-0.32181504,EXISTING,"aquatic, bird, cattle, exotic, pet"
vet_189810e3757c47dd8bd8518934fce54a,2.0,142.0,2024-06-01 13:52:58.361,0,1,1,1,0,0,0,0.29635678391959797,-0.33255723,EXISTING,"bird, cattle, exotic"
vet_f0b20c141af84c118f5faf444b717187,3.2,168.0,2024-06-08 10:54:25.103,1,1,1,1,1,1,0,0.5794221105527639,-0.33451036,EXISTING,"aquatic, bird, cattle, exotic, pet, reptile"
vet_76768b1e0e1040d48cb11dc0234954a7,3.0,64.0,2024-05-18 23:47:42.538,1,0,0,1,0,0,0,0.48216080402010053,-0.3540416,EXISTING,"aquatic, exotic"
vet_4270a3fb197c4d9c84f4da8764c1039c,2.0,57.99999999999999,2024-06-08 04:31:00.427,1,0,1,1,1,1,0,0.2541457286432161,-0.36380723,EXISTING,"aquatic, cattle, exotic, pet, reptile"
vet_e4e649e24f4845578dc196995f5c65b5,2.7,18.0,2024-05-21 15:01:01.507,1,1,1,1,1,1,0,0.39154522613065335,-0.3647838,EXISTING,"aquatic, bird, cattle, exotic, pet, reptile"
vet_578db42fa52e4d4a92746bbf009e69aa,3.4,1.0,2024-05-16 23:31:55.329,1,1,0,1,1,1,0,0.5405025125628141,-0.36576036,EXISTING,"aquatic, bird, exotic, pet, reptile"
vet_4cbcff25a06e4c43a1b47b57c8603b8c,2.8,163.0,2024-06-04 03:10:52.575,0,1,0,1,0,0,0,0.48690954773869344,-0.36624864,EXISTING,"bird, exotic"
vet_1effe3b94b684313a058d641d0cd3d67,3.1,104.0,2024-05-19 21:11:32.346,1,0,0,1,0,0,0,0.5247613065326634,-0.36673692,EXISTING,"aquatic, exotic"
vet_54454194abf048518b62971dd3aa28a7,2.9,92.0,2024-05-30 16:32:44.304,1,1,1,1,1,1,0,0.47373115577889446,-0.39212754,EXISTING,"aquatic, bird, cattle, exotic, pet, reptile"
vet_c251a6a56e584e3d9096f99a48787ca1,2.6,2.0,2024-06-10 06:08:23.105,1,1,1,1,1,1,0,0.3610050251256282,-0.41849473,EXISTING,"aquatic, bird, cattle, exotic, pet, reptile"
vet_2a05fdc200e946d6b348e739503b5e73,1.5,28.0,2024-06-05 21:22:43.950,0,0,0,1,0,0,0,0.12657035175879397,-0.4350963,EXISTING,exotic
vet_f27c5047cd40404bbe6b7d3cd3352e9f,2.7,47.0,2024-05-23 22:38:53.220,1,1,1,1,1,1,0,0.4061180904522614,-0.44974473,EXISTING,"aquatic, bird, cattle, exotic, pet, reptile"
vet_ff15f61afff34e87ae0987d17af8a994,2.6,17.0,2024-05-19 16:24:06.857,1,1,1,1,1,1,0,0.36854271356783924,-0.47318223,EXISTING,"aquatic, bird, cattle, exotic, pet, reptile"
vet_ce5d03e1476e4c0eab3172fc4b319030,2.6,18.0,2024-05-05 22:14:56.302,1,1,1,1,1,1,0,0.3690452261306533,-0.47806504,EXISTING,"aquatic, bird, cattle, exotic, pet, reptile"
vet_29c239bbdf464be2be078eb841131fe8,2.9,4.0,2024-05-31 00:37:38.349,0,1,1,1,1,0,0,0.42951005025125627,-0.48783067,EXISTING,"bird, cattle, exotic, pet"
vet_ed086700d0b74568ac043ad59dd5146f,4.6,143.0,2024-06-02 13:47:41.687,1,1,1,1,1,0,0,0.881859296482412,-0.5454478,EXISTING,"aquatic, bird, cattle, exotic, pet"
vet_b0ed89e5ff3a43b582b9907cc66080a3,2.6,51.0,2024-05-26 08:57:00.696,1,1,1,1,1,1,0,0.38562814070351764,-0.5669322,EXISTING,"aquatic, bird, cattle, exotic, pet, reptile"
vet_941b8d92396b486f9507adee0a358f14,2.8,115.99999999999999,2024-06-01 07:10:30.400,1,1,1,1,1,1,0,0.4632914572864321,-0.5806041,EXISTING,"aquatic, bird, cattle, exotic, pet, reptile"
vet_e7248a881c23408b98970fe9ff5e3a7d,2.8,114.0,2024-06-03 21:09:19.501,1,1,1,1,1,1,0,0.462286432160804,-0.5825572,EXISTING,"aquatic, bird, cattle, exotic, pet, reptile"
vet_0c2e2069c81c406a8fe26d8265eb354b,2.6,53.0,2024-05-12 03:39:12.817,1,1,1,1,1,1,0,0.38663316582914575,-0.58353376,EXISTING,"aquatic, bird, cattle, exotic, pet, reptile"
vet_14a628e200c8434da22a0da5225c6cdf,3.9,198.0,2024-05-29 11:14:39.186,1,0,1,1,1,0,0,0.7519974874371859,-0.5923228,EXISTING,"aquatic, cattle, exotic, pet"
vet_71791b57d427439ea9182406409be465,2.0,59.0,2024-05-03 12:55:14.102,1,0,1,1,0,0,0,0.25464824120603013,-0.6040416,EXISTING,"aquatic, cattle, exotic"
vet_8eab7425e2a54b02b340db57691e472b,1.7,128.0,2024-06-11 19:21:21.731,0,1,1,1,0,0,0,0.221821608040201,-0.60990095,EXISTING,"bird, cattle, exotic"
vet_1d90bc603f4947b682ea51f4f08b22ca,3.6,78.0,2024-06-03 01:31:07.550,1,1,0,1,0,0,0,0.6241959798994976,-0.63382673,EXISTING,"aquatic, bird, exotic"
vet_43aa3e6c322841da8f6d8210d731ae71,1.5,155.0,2024-06-02 10:04:44.873,0,0,0,1,1,1,0,0.1903894472361809,-0.63626814,EXISTING,"exotic, pet, reptile"
vet_538c0815369b40658beb7737fad35da6,1.9,18.0,2024-05-29 06:51:19.999,0,1,0,1,1,1,0,0.21154522613065324,-0.64408064,EXISTING,"bird, exotic, pet, reptile"
vet_b686ff3cbdf0442b886a874ca746389d,2.3,158.0,2024-05-06 06:13:25.759,0,1,0,1,1,1,0,0.3718969849246231,-0.6665416,EXISTING,"bird, exotic, pet, reptile"
vet_0e9a6ad11ba241fb868e5599dec37a79,2.8,142.0,2024-05-13 22:00:53.189,1,1,1,1,1,1,0,0.47635678391959796,-0.68314314,EXISTING,"aquatic, bird, cattle, exotic, pet, reptile"
vet_3d946817d9c24ebdaf64a882383b591f,2.5,61.0,2024-05-09 14:28:12.565,1,1,1,1,1,1,0,0.3681532663316583,-0.71927595,EXISTING,"aquatic, bird, cattle, exotic, pet, reptile"
vet_74069187ebce487d8db56479ccb8b688,3.3,38.0,2024-05-23 14:38:43.286,1,0,1,1,1,0,0,0.5365954773869346,-0.72464705,EXISTING,"aquatic, cattle, exotic, pet"
vet_7b0413fab278426a87a3304cc177e7f6,2.3,1.0,2024-06-08 20:22:08.700,1,1,1,1,1,1,0,0.29300251256281407,-0.7407603,EXISTING,"aquatic, bird, cattle, exotic, pet, reptile"
vet_63e45cb62d3347428bd57b086d0baf28,2.4,48.0,2024-05-29 18:13:54.939,1,1,1,1,1,1,0,0.3391206030150754,-0.76908064,EXISTING,"aquatic, bird, cattle, exotic, pet, reptile"
vet_84ce1a9189a0440db63e34ba893830c9,2.4,45.0,2024-05-24 22:46:53.960,1,1,1,1,1,1,0,0.33761306532663315,-0.78177595,EXISTING,"aquatic, bird, cattle, exotic, pet, reptile"
vet_2a6e3e511d134e1193f43ba479ecafdc,2.6,110.00000000000001,2024-05-06 20:55:55.678,1,1,1,1,1,1,0,0.4152763819095478,-0.7856822,EXISTING,"aquatic, bird, cattle, exotic, pet, reptile"
vet_82f4280020ee4c4594784d03186f17c3,2.6,131.0,2024-05-10 12:18:03.750,1,0,0,1,1,1,0,0.4258291457286433,-0.7886119,EXISTING,"aquatic, exotic, pet, reptile"
vet_74a144ceb80b4fc0ab43e17f8edba2e3,4.5,184.0,2024-05-24 19:21:43.609,1,1,1,1,1,0,0,0.8799623115577889,-0.7915416,EXISTING,"aquatic, bird, cattle, exotic, pet"
vet_2b34aa461d764ffbb8356fcf9c71feb4,1.1,0.0,2024-05-09 16:12:36.247,0,0,0,1,0,0,0,0.02250000000000002,-0.79251814,EXISTING,exotic
vet_82ece31774504220a19900c36378b59b,1.9,0.0,2024-05-10 08:29:45.595,0,1,0,1,0,0,0,0.20249999999999999,-0.8042369,EXISTING,"bird, exotic"
vet_836f601b075d4eb0a43644ef61e8ff69,1.1,55.00000000000001,2024-05-11 05:26:34.640,0,1,1,1,1,1,0,0.0501381909547739,-0.80521345,EXISTING,"bird, cattle, exotic, pet, reptile"
vet_c92b0968a0234bdca245f2f01cc5c2c7,1.3,75.0,2024-06-09 10:27:27.474,0,0,0,1,0,0,0,0.1051884422110553,-0.8193736,EXISTING,exotic
vet_e19ff00eb67a47ba8990c730e806cf20,2.0,187.0,2024-05-31 18:35:43.168,1,0,1,1,1,1,0,0.3189698492462312,-0.8198619,EXISTING,"aquatic, cattle, exotic, pet, reptile"
vet_b6c9b2b84f4e41cc82d33f26c03bfede,4.1,64.0,2024-06-12 03:12:41.159,1,1,1,1,1,0,0,0.7296608040201004,-0.8325572,EXISTING,"aquatic, bird, cattle, exotic, pet"
vet_36732859653b4a2a9704ffd6412053fb,2.4,178.0,2024-06-07 13:17:34.560,0,1,0,1,0,0,0,0.4044472361809045,-0.8457408,EXISTING,"bird, exotic"
vet_f751c3b1bae74377afebdb190a928079,2.8,76.0,2024-05-01 09:10:12.105,0,1,1,1,1,0,0,0.44319095477386933,-0.85501814,EXISTING,"bird, cattle, exotic, pet"
vet_e4159b70655f47278cb7dc9e0aea6033,1.3,70.0,2024-05-01 05:22:41.591,0,1,1,1,0,0,0,0.10267587939698494,-0.86234236,EXISTING,"bird, cattle, exotic"
vet_82d48f095f70423283dcf082a984c996,2.7,62.99999999999999,2024-05-28 16:15:18.510,0,0,0,1,1,0,0,0.4141582914572865,-0.86722517,EXISTING,"exotic, pet"
vet_cfb6b75decb44e149b3bb8a2f3c5bd4a,1.2,70.0,2024-05-07 02:10:21.680,0,0,0,1,0,0,0,0.08017587939698492,-0.91995955,EXISTING,exotic
vet_9affb8ea34664b1cb4d4bb0195585293,2.1,2.0,2024-05-30 10:17:34.312,1,1,1,1,1,1,0,0.24850502512562817,-0.96439314,EXISTING,"aquatic, bird, cattle, exotic, pet, reptile"
vet_42f8e2c3d8794460a3441c94862d4819,1.1,173.0,2024-06-11 06:40:47.350,1,0,0,1,0,1,0,0.1094346733668342,-0.96927595,EXISTING,"aquatic, exotic, reptile"
vet_88da9785276744d18b3129b91d36ff72,2.4,104.0,2024-06-05 23:52:10.927,1,1,1,1,1,1,0,0.3672613065326633,-0.98001814,EXISTING,"aquatic, bird, cattle, exotic, pet, reptile"
vet_e5be3a0d160c42d89a690d3214d8b802,1.3,192.0,2024-06-12 12:55:27.592,0,0,0,1,1,1,0,0.1639824120603015,-0.9829478,EXISTING,"exotic, pet, reptile"
vet_62eed3f89cd742bb8fed1f0a68ad5c3b,1.6,110.00000000000001,2024-06-08 18:18:50.147,1,0,1,1,1,1,0,0.1902763819095478,-0.9858775,EXISTING,"aquatic, cattle, exotic, pet, reptile"
vet_e3f4711da5e44b068d7f9f574e3c95a7,1.8,91.0,2024-05-24 02:16:59.890,0,1,0,1,1,1,0,0.22572864321608044,-0.9966197,EXISTING,"bird, exotic, pet, reptile"
vet_f2f0dff5020b4aa0b6a3cb44ce6a9b70,1.2,94.0,2024-05-05 00:25:45.647,0,0,0,1,0,0,0,0.0922361809045226,-1.000526,EXISTING,exotic
vet_21b2c6e004434c0e858ba2cd67988491,2.1,13.0,2024-06-01 12:58:29.267,1,1,1,1,1,1,0,0.2540326633165829,-1.0083385,EXISTING,"aquatic, bird, cattle, exotic, pet, reptile"
vet_afe34615863846c7b17b34cd4f22af3f,1.3,135.0,2024-05-22 17:43:30.273,0,0,0,1,0,0,0,0.13533919597989952,-1.0190806,EXISTING,exotic
vet_5f494d8bbd7c47949e800eb000c85f65,1.8,119.0,2024-06-01 05:44:04.230,1,0,1,1,0,0,0,0.2397989949748744,-1.0259166,EXISTING,"aquatic, cattle, exotic"
vet_bf14d04230074cabadfbaf904fc99bde,1.2,153.0,2024-05-08 08:07:26.560,0,1,1,1,1,1,0,0.12188442211055275,-1.0268931,EXISTING,"bird, cattle, exotic, pet, reptile"
vet_7bf1af139e444ee19d309a8f6b741a64,2.3,95.0,2024-06-01 22:05:32.418,1,1,1,1,1,1,0,0.34023869346733665,-1.0659556,EXISTING,"aquatic, bird, cattle, exotic, pet, reptile"
vet_5b0eb1530df640b0a16f142719f35ff3,1.7,167.0,2024-05-25 18:35:18.030,1,0,1,1,1,1,0,0.24141959798994975,-1.071815,EXISTING,"aquatic, cattle, exotic, pet, reptile"
vet_6ff4b32228bd4b9bb8a62599fa9f4934,2.9,49.99999999999999,2024-06-05 13:40:42.390,1,1,0,1,1,1,0,0.4526256281407035,-1.0727916,EXISTING,"aquatic, bird, exotic, pet, reptile"
vet_1150b92826f446aea00858dbfad707b6,3.3,185.0,2024-05-27 19:56:35.632,1,1,0,1,1,1,0,0.610464824120603,-1.1001353,EXISTING,"aquatic, bird, exotic, pet, reptile"
vet_bb734aaa2ebe440ba03c61ed00b8de8c,2.2,184.0,2024-06-02 02:25:09.972,0,1,0,1,0,0,0,0.362462311557789,-1.1059947,EXISTING,"bird, exotic"
vet_cbe562b00ecf4c62980d1bcb952614d4,2.5,176.0,2024-05-09 18:26:04.709,1,1,1,1,1,1,0,0.4259422110552764,-1.1284556,EXISTING,"aquatic, bird, cattle, exotic, pet, reptile"
vet_6092880a86454afdb9626ca43ca12053,2.1,48.0,2024-05-08 18:54:52.324,1,1,1,1,1,1,0,0.2716206030150754,-1.1304088,EXISTING,"aquatic, bird, cattle, exotic, pet, reptile"
vet_b5a3b6c7c9544ccc87061bf13f302f34,1.6,67.0,2024-05-07 16:12:40.442,0,1,0,1,1,1,0,0.16866834170854275,-1.1489635,EXISTING,"bird, exotic, pet, reptile"
vet_0590b12ddfea49cd935faadc6d8cfa61,1.9,172.0,2024-06-09 07:58:34.154,0,1,0,1,1,1,0,0.28893216080402007,-1.1587291,EXISTING,"bird, exotic, pet, reptile"
vet_1545f772e75847718cc009e177c7f331,3.9,95.0,2024-05-07 04:06:53.010,1,1,1,1,1,0,0,0.7002386934673367,-1.1645885,EXISTING,"aquatic, bird, cattle, exotic, pet"
vet_ebd3b52416504b2fb067eb97b898b536,4.5,48.0,2024-06-10 20:34:42.333,1,1,0,1,1,0,0,0.8116206030150753,-1.1684947,EXISTING,"aquatic, bird, exotic, pet"
vet_38535a5e6cfe47f4a581471988be9146,2.7,17.0,2024-05-26 06:44:40.391,1,1,0,1,1,1,0,0.39104271356783926,-1.1948619,EXISTING,"aquatic, bird, exotic, pet, reptile"
vet_5e08f7a9c9454b7caca374980c20d038,2.3,19.0,2024-05-15 13:38:13.896,0,1,1,1,1,0,0,0.3020477386934673,-1.2222056,EXISTING,"bird, cattle, exotic, pet"
vet_40ecf2e5aaf943c5a8053d2a83e694f2,4.0,164.0,2024-06-05 14:35:01.812,1,0,0,1,1,0,0,0.7574120603015075,-1.2241588,EXISTING,"aquatic, exotic, pet"
vet_447739a668754e34b0c050c11a7b18b2,3.6,199.0,2024-05-26 08:44:20.239,0,1,0,1,1,0,0,0.685,-1.2397838,EXISTING,"bird, exotic, pet"
vet_7d26d8adf9ee46e399cf8fd78a575e7c,2.4,62.0,2024-05-14 08:09:39.627,0,1,1,1,1,0,0,0.34615577889447235,-1.2480845,EXISTING,"bird, cattle, exotic, pet"
vet_293cbfad71ec4827a12b68e9ed7b696c,2.3,151.0,2024-05-25 01:55:01.785,1,1,1,1,1,1,0,0.3683793969849246,-1.2485728,EXISTING,"aquatic, bird, cattle, exotic, pet, reptile"
vet_5d7ba8b2ba5242f4a256e727e41f7a88,1.6,99.99999999999999,2024-06-09 03:39:12.883,0,1,0,1,1,1,0,0.18525125628140707,-1.2563853,EXISTING,"bird, exotic, pet, reptile"
vet_8ba53b5f6d5a4716821e487033f657da,4.1,193.0,2024-05-30 18:33:36.280,1,1,1,1,1,0,0,0.7944849246231155,-1.2602916,EXISTING,"aquatic, bird, cattle, exotic, pet"
vet_14d8a6b5798e442f800ec7bf2848b4de,2.2,139.0,2024-06-08 21:11:13.993,1,0,0,1,1,1,0,0.33984924623115587,-1.2720103,EXISTING,"aquatic, exotic, pet, reptile"
vet_8cd3ef8b0c08492e8f169e5cb58758ba,2.4,138.0,2024-06-04 19:55:36.159,1,0,0,1,0,0,0,0.3843467336683417,-1.2773814,EXISTING,"aquatic, exotic"
vet_f5613e3d7d6e45cd98f5f18f35cd7471,1.1,143.0,2024-05-26 16:02:37.474,0,0,0,1,0,0,0,0.09435929648241208,-1.2807994,EXISTING,exotic
vet_0e203367b05b41ddb907dd2904553da0,3.8,109.0,2024-05-30 03:24:48.671,1,1,1,1,1,0,0,0.6847738693467337,-1.3003306,EXISTING,"aquatic, bird, cattle, exotic, pet"
vet_c23a3d99f944420bb30f11dda03d56ea,2.3,163.0,2024-05-18 23:41:18.905,1,1,1,1,1,1,0,0.37440954773869345,-1.3022838,EXISTING,"aquatic, bird, cattle, exotic, pet, reptile"
vet_8df74fbdce004bdc8602ff2b96da9e62,2.0,67.0,2024-06-01 09:13:16.197,1,1,1,1,1,1,0,0.2586683417085427,-1.3140025,EXISTING,"aquatic, bird, cattle, exotic, pet, reptile"
vet_e055aecc2d6b4ab7bfa4c14baf46db4b,2.1,103.0,2024-06-08 01:19:21.240,1,1,1,1,1,1,0,0.2992587939698493,-1.3159556,EXISTING,"aquatic, bird, cattle, exotic, pet, reptile"
vet_0a8baf5b3b5946109e6feed6083ecc2e,2.5,112.0,2024-06-05 05:54:56.560,0,1,1,1,1,0,0,0.3937814070351759,-1.321815,EXISTING,"bird, cattle, exotic, pet"
vet_123545b7e0874b7fb3a52c98f4774309,2.3,173.0,2024-05-27 07:23:25.901,1,1,1,1,1,1,0,0.3794346733668342,-1.3247447,EXISTING,"aquatic, bird, cattle, exotic, pet, reptile"
vet_4592d370810e42a7aad85652d841b347,2.1,40.0,2024-05-12 20:51:11.113,1,1,1,1,0,0,0,0.26760050251256284,-1.3369517,EXISTING,"aquatic, bird, cattle, exotic"
vet_27fc3dd39eca470f9e4f493128a7852e,1.1,161.0,2024-05-27 23:42:25.716,0,0,0,1,0,0,0,0.10340452261306536,-1.3403697,EXISTING,exotic
vet_7d48a9a03cc14434b7e221538ded9403,1.7,164.0,2024-05-28 23:05:10.230,0,1,0,1,1,1,0,0.23991206030150755,-1.3618541,EXISTING,"bird, exotic, pet, reptile"
vet_c64d9882f8ad45128cef8dfe74a84d75,2.0,88.0,2024-05-06 00:03:37.939,1,1,1,1,1,1,0,0.2692211055276382,-1.3872447,EXISTING,"aquatic, bird, cattle, exotic, pet, reptile"
vet_3afa61902d6e4b988714944340ba30e5,2.4,156.0,2024-05-24 14:27:56.260,1,1,1,1,0,0,0,0.393391959798995,-1.3979869,EXISTING,"aquatic, bird, cattle, exotic"
vet_1013bd5df1774b14b8af972d9d2063d4,1.8,34.0,2024-05-10 12:56:11.341,1,1,1,1,1,1,0,0.19708542713567842,-1.4136119,EXISTING,"aquatic, bird, cattle, exotic, pet, reptile"
vet_e2fdfe0675424fc08f03a6c7d494fab0,1.8,182.0,2024-06-02 04:00:11.100,0,0,1,1,1,0,0,0.2714572864321608,-1.422401,EXISTING,"cattle, exotic, pet"
vet_c9edd888b8ce4439b96fd59b010d1d29,3.0,184.0,2024-05-02 13:45:50.904,1,1,0,1,1,1,0,0.5424623115577889,-1.4360728,EXISTING,"aquatic, bird, exotic, pet, reptile"
vet_661ee07c9cdb44e1801deb0a537cb48d,2.4,177.0,2024-06-10 20:09:32.530,1,1,1,1,0,0,0,0.4039447236180905,-1.4643931,EXISTING,"aquatic, bird, cattle, exotic"
vet_a9ddf79a672d42669411af2f6e7a096b,2.1,144.0,2024-05-07 07:10:32.401,1,1,1,1,1,1,0,0.31986180904522615,-1.4653697,EXISTING,"aquatic, bird, cattle, exotic, pet, reptile"
vet_a10c8162dbc2459cba0b03c627648ac5,2.8,131.0,2024-05-18 03:49:18.925,1,1,0,1,1,1,0,0.4708291457286432,-1.4702525,EXISTING,"aquatic, bird, exotic, pet, reptile"
vet_84e5d141a0664d628de79072b3b5941a,3.7,125.00000000000001,2024-06-01 12:50:37.994,1,1,1,1,1,0,0,0.6703140703517588,-1.4770885,EXISTING,"aquatic, bird, cattle, exotic, pet"
vet_f69d36b2470e43678bca0faad5a2d7cb,1.9,87.0,2024-05-23 21:22:30.568,1,1,1,1,1,1,0,0.24621859296482412,-1.4829478,EXISTING,"aquatic, bird, cattle, exotic, pet, reptile"
vet_6d5c7c03faa64267a1751bccb3cdcecd,2.8,128.0,2024-05-18 09:14:00.811,1,1,0,1,1,1,0,0.46932160804020095,-1.4829478,EXISTING,"aquatic, bird, exotic, pet, reptile"
vet_94c9d573c78d4c32a10b611310fa0d00,1.8,54.0,2024-05-23 12:37:31.817,1,1,1,1,1,1,0,0.20713567839195982,-1.4858775,EXISTING,"aquatic, bird, cattle, exotic, pet, reptile"
vet_2e1ac34bc2ec4628a0880037f6090839,2.2,196.0,2024-05-03 09:06:03.145,1,1,1,1,1,1,0,0.36849246231155786,-1.5083385,EXISTING,"aquatic, bird, cattle, exotic, pet, reptile"
vet_bd3b23133c5e4f3698f984efb25dcc57,1.9,94.0,2024-05-16 12:43:10.637,1,1,1,1,1,1,0,0.2497361809045226,-1.5190806,EXISTING,"aquatic, bird, cattle, exotic, pet, reptile"
vet_0f8b50ac6c2243688d67103324c6ec2f,1.8,67.0,2024-05-24 07:37:30.162,1,1,1,1,1,1,0,0.21366834170854274,-1.5229869,EXISTING,"aquatic, bird, cattle, exotic, pet, reptile"
vet_82612f501b8a47d6a694a8986bbd5995,1.3,104.0,2024-05-13 16:00:49.548,0,1,0,1,1,1,0,0.11976130653266334,-1.5986705,EXISTING,"bird, exotic, pet, reptile"
vet_01e4c447f03d47869099f2d8159ba6cf,1.7,66.0,2024-05-18 05:48:35.398,1,1,1,1,1,1,0,0.19066582914572866,-1.6323619,EXISTING,"aquatic, bird, cattle, exotic, pet, reptile"
vet_b945f29f6cd248a9802e5746b0f4f57d,1.3,46.0,2024-06-11 04:38:29.900,0,1,0,1,0,0,0,0.09061557788944725,-1.6328502,EXISTING,"bird, exotic"
vet_11716cb972f149eeba7f18d40aa9e009,3.6,146.0,2024-05-15 20:08:52.425,1,1,1,1,1,0,0,0.6583668341708544,-1.6518931,EXISTING,"aquatic, bird, cattle, exotic, pet"
vet_ad7e51b4e6a64da099fa90bca577469b,2.0,174.0,2024-05-25 07:03:56.904,1,1,1,1,1,1,0,0.31243718592964825,-1.6587291,EXISTING,"aquatic, bird, cattle, exotic, pet, reptile"
vet_e7549e1a23f948788f414856306cc0c4,1.0,73.0,2024-06-02 16:06:13.850,1,1,0,1,0,1,0,0.036683417085427134,-1.6606822,EXISTING,"aquatic, bird, exotic, reptile"
vet_f1e24d24a9cf4bc3b33c94b7ece2ad25,1.9,135.0,2024-06-11 17:13:11.913,1,1,1,1,1,1,0,0.27033919597989947,-1.6606822,EXISTING,"aquatic, bird, cattle, exotic, pet, reptile"
vet_b932916334454b76b68bb09ee6397a37,2.3,149.0,2024-05-08 01:05:04.275,0,1,1,1,1,0,0,0.36737437185929644,-1.6606822,EXISTING,"bird, cattle, exotic, pet"
vet_b50023d4096e4a9f8075213c4ce97dd6,1.5,27.0,2024-06-07 21:26:10.935,1,0,0,1,1,1,0,0.1260678391959799,-1.6684947,EXISTING,"aquatic, exotic, pet, reptile"
vet_14fdb7122cd247b4babe8bfc705ce566,1.7,74.0,2024-05-25 14:00:32.110,1,1,1,1,1,1,0,0.19468592964824122,-1.6733775,EXISTING,"aquatic, bird, cattle, exotic, pet, reptile"
vet_46e1f7a8b6c542e4bb0970889f486ed9,1.3,131.0,2024-06-07 05:23:20.800,0,1,0,1,1,1,0,0.13332914572864324,-1.6890025,EXISTING,"bird, exotic, pet, reptile"
vet_d9ef93609ee24769b852edbc998fd5e3,2.3,181.0,2024-05-24 06:35:08.859,0,0,0,1,1,0,0,0.38345477386934673,-1.7026744,EXISTING,"exotic, pet"
vet_41ca2cc697374ee5b03b84b960871101,3.5,124.0,2024-06-07 06:45:45.564,1,1,1,1,1,0,0,0.6248115577889447,-1.7075572,EXISTING,"aquatic, bird, cattle, exotic, pet"
vet_66c9790a7a7f440c92b1b770a5b54a47,1.3,73.0,2024-06-09 15:10:42.600,0,1,0,1,0,0,0,0.10418341708542715,-1.728065,EXISTING,"bird, exotic"
vet_1f379078ec7d491ab6387c5a6646de15,1.4,1.0,2024-05-13 09:56:29.610,1,1,1,1,1,1,0,0.09050251256281405,-1.7388072,EXISTING,"aquatic, bird, cattle, exotic, pet, reptile"
vet_69fdb5f7122e449d930e00a7a8dff208,2.2,13.0,2024-06-11 20:03:35.224,1,1,0,1,1,1,0,0.276532663316583,-1.7397838,EXISTING,"aquatic, bird, exotic, pet, reptile"
vet_6fa64c4e09274f8b8e509af0dfa4e83d,1.8,125.99999999999999,2024-05-12 07:54:44.465,1,1,1,1,1,1,0,0.24331658291457287,-1.7417369,EXISTING,"aquatic, bird, cattle, exotic, pet, reptile"
vet_6605102e95c547529258f02fac9972a9,2.3,51.0,2024-05-21 09:17:53.270,1,1,0,1,1,1,0,0.3181281407035176,-1.7612681,EXISTING,"aquatic, bird, exotic, pet, reptile"
vet_9103a1bd4bc245129dc70dd6220cf6b4,4.1,97.0,2024-06-12 02:13:27.486,1,1,0,1,1,0,0,0.7462437185929647,-1.7768931,EXISTING,"aquatic, bird, exotic, pet"
vet_7f4bd5830643489f9d11289911de6e3e,1.7,109.0,2024-06-02 19:18:42.244,1,1,1,1,1,1,0,0.21227386934673367,-1.7798228,EXISTING,"aquatic, bird, cattle, exotic, pet, reptile"
vet_361f13a7d31648b1a8e15ffdd904f452,1.4,12.0,2024-05-07 10:52:27.223,1,1,1,1,1,1,0,0.09603015075376883,-1.7827525,EXISTING,"aquatic, bird, cattle, exotic, pet, reptile"
vet_3ed0298ca63d4ff5be5e1e7f7dad63a5,3.2,60.00000000000001,2024-05-29 09:09:33.398,1,1,1,1,1,0,0,0.5251507537688442,-1.8120494,EXISTING,"aquatic, bird, cattle, exotic, pet"
vet_4f64f5297dbf41ccb80901627d55d62f,1.9,135.0,2024-05-29 00:47:23.218,1,0,0,1,0,0,0,0.27033919597989947,-1.8208385,EXISTING,"aquatic, exotic"
vet_9e01527f50074e98a8c77b570f87d5a5,1.4,27.0,2024-05-25 08:26:58.538,1,1,1,1,1,1,0,0.10356783919597988,-1.8354869,EXISTING,"aquatic, bird, cattle, exotic, pet, reptile"
vet_0f2ebc3a19f04f3b91cfb8bbce7c9ff8,2.1,15.000000000000002,2024-06-01 17:03:34.921,1,1,0,1,1,1,0,0.2550376884422111,-1.8569713,EXISTING,"aquatic, bird, exotic, pet, reptile"
vet_0861e371b5764510a7a12c02b9299dad,1.6,102.0,2024-06-12 00:35:45.300,1,1,1,1,1,1,0,0.1862562814070352,-1.8696666,EXISTING,"aquatic, bird, cattle, exotic, pet, reptile"
vet_c45c3968ac3a4ba6aa7636bbf479a5ea,1.7,133.0,2024-05-09 09:51:47.335,1,1,1,1,1,1,0,0.22433417085427138,-1.8716197,EXISTING,"aquatic, bird, cattle, exotic, pet, reptile"
vet_9377dfc4cd4d452aa7482c5e39ca7552,1.3,4.0,2024-05-08 21:11:10.372,1,1,1,1,1,1,0,0.0695100502512563,-1.8774791,EXISTING,"aquatic, bird, cattle, exotic, pet, reptile"
vet_e47d977cf49c4cbf8f50ee79e89f657c,1.2,88.0,2024-05-15 23:51:57.428,0,1,0,1,0,0,0,0.08922110552763818,-1.8857799,EXISTING,"bird, exotic"
vet_1681ce1571fe4a6cbe89859bca2224e8,1.8,180.0,2024-05-06 13:35:15.354,1,1,1,1,1,1,0,0.27045226130653266,-1.906776,EXISTING,"aquatic, bird, cattle, exotic, pet, reptile"
vet_7e8853cf6e12465aa4308b72122ba17e,1.7,151.0,2024-05-04 06:18:55.472,1,1,1,1,1,1,0,0.23337939698492463,-1.9136119,EXISTING,"aquatic, bird, cattle, exotic, pet, reptile"
vet_43feb375cb874f5b99deb4448447fd12,4.2,167.0,2024-05-10 08:54:15.340,1,1,0,1,1,0,0,0.8039195979899498,-1.922401,EXISTING,"aquatic, bird, exotic, pet"
vet_c9f47f8d550c456f80c5360812e9cbee,2.6,161.0,2024-05-22 18:16:44.813,1,0,1,1,1,0,0,0.4409045226130654,-1.9243541,EXISTING,"aquatic, cattle, exotic, pet"
vet_053a7e41d2f64627a4d68895c25e52f9,1.4,52.0,2024-05-13 01:11:15.347,1,1,1,1,1,1,0,0.11613065326633165,-1.9409556,EXISTING,"aquatic, bird, cattle, exotic, pet, reptile"
vet_1fce289438314987918b490449ccbcc6,1.8,90.0,2024-05-06 12:56:30.290,0,0,0,1,1,0,0,0.22522613065326635,-1.9551158,EXISTING,"exotic, pet"
vet_4e9e941dbbd14ec8b41fb48ed5fd639e,3.3,135.0,2024-05-30 07:35:39.407,1,1,1,1,1,0,0,0.5853391959798995,-1.9653697,EXISTING,"aquatic, bird, cattle, exotic, pet"
vet_84f32e8568c5486ba3fb8e9df597631d,2.7,120.99999999999999,2024-06-06 19:42:04.130,0,1,0,1,1,0,0,0.44330402010050257,-1.9751353,EXISTING,"bird, exotic, pet"
vet_fb5882d09b654469a08074794c52587e,1.8,95.0,2024-05-21 06:38:16.152,0,0,0,1,1,0,0,0.22773869346733672,-1.99369,EXISTING,"exotic, pet"
vet_0861af330989469ba079dc5dd5c48d2c,1.6,71.0,2024-05-23 20:44:18.223,1,1,1,1,0,0,0,0.17067839195979903,-1.99369,EXISTING,"aquatic, bird, cattle, exotic"
vet_90eb43cf101d4cff9bc9827162184323,1.7,171.0,2024-05-17 08:18:49.134,1,1,1,1,1,1,0,0.24342964824120605,-2.0015025,EXISTING,"aquatic, bird, cattle, exotic, pet, reptile"
vet_a543232bb3bb4eeba2599c51065b4eb1,1.5,112.0,2024-05-02 11:17:14.774,1,1,1,1,1,1,0,0.16878140703517588,-2.0190806,EXISTING,"aquatic, bird, cattle, exotic, pet, reptile"
vet_28667f56e821477aa82a935b154c50e0,1.2,15.000000000000002,2024-05-21 06:50:27.261,1,1,1,1,1,1,0,0.052537688442211045,-2.0278697,EXISTING,"aquatic, bird, cattle, exotic, pet, reptile"
vet_2f5f4ea5947e431eb1830070b243c589,1.6,145.0,2024-05-09 02:00:30.338,1,1,1,1,1,1,0,0.20786432160804025,-2.0356822,EXISTING,"aquatic, bird, cattle, exotic, pet, reptile"
vet_ad52f6707f4c4c64be38447122d04bea,1.7,186.0,2024-06-08 16:19:05.214,1,1,1,1,1,1,0,0.2509673366834171,-2.0513072,EXISTING,"aquatic, bird, cattle, exotic, pet, reptile"
vet_8f6e6b285d6d466a804b12b22ec9f1bd,2.5,169.0,2024-05-29 08:29:59.680,1,0,1,1,1,0,0,0.42242462311557794,-2.0610728,EXISTING,"aquatic, cattle, exotic, pet"
vet_2636d93e2ea34af7a0ccfcb78330e378,2.9,38.0,2024-05-23 03:53:35.606,1,1,1,1,1,0,0,0.44659547738693467,-2.071815,EXISTING,"aquatic, bird, cattle, exotic, pet"
vet_5287e49a2dab498e8fbf2a51fc202bc6,1.5,135.0,2024-05-01 05:47:11.422,1,1,1,1,1,1,0,0.1803391959798995,-2.1079478,EXISTING,"aquatic, bird, cattle, exotic, pet, reptile"
vet_3846598f412745cc8431b942a0818af6,1.2,46.0,2024-06-08 01:23:12.303,1,1,1,1,1,1,0,0.06811557788944722,-2.1157603,EXISTING,"aquatic, bird, cattle, exotic, pet, reptile"
vet_4c43d23c5f7f4238af07eafbf4d2b517,1.6,175.0,2024-05-04 13:49:32.534,1,1,1,1,1,1,0,0.22293969849246237,-2.1206431,EXISTING,"aquatic, bird, cattle, exotic, pet, reptile"
vet_d1f3cdae12f244f9ad7ead39e092cedc,1.5,144.0,2024-05-09 04:47:17.478,1,1,1,1,1,1,0,0.18486180904522614,-2.1313853,EXISTING,"aquatic, bird, cattle, exotic, pet, reptile"
vet_4c9f2ae77a4543bda70c3302255df6b6,1.5,45.0,2024-05-12 14:58:16.730,0,0,0,1,1,0,0,0.13511306532663317,-2.1391978,EXISTING,"exotic, pet"
vet_4b7df2bc5e2f4f9a82aad5b76e7d8bad,2.8,26.0,2024-06-03 23:54:05.267,1,1,1,1,1,0,0,0.4180653266331658,-2.141151,EXISTING,"aquatic, bird, cattle, exotic, pet"
vet_ab750a862ff74afb91f1987ac3583c52,1.3,99.99999999999999,2024-06-06 18:03:31.205,1,1,1,1,1,1,0,0.11775125628140705,-2.2007213,EXISTING,"aquatic, bird, cattle, exotic, pet, reptile"
vet_7a266559bb184ac696a05a2c9fcd6cbd,1.3,103.0,2024-05-26 10:33:06.600,1,1,1,1,1,1,0,0.11925879396984927,-2.2134166,EXISTING,"aquatic, bird, cattle, exotic, pet, reptile"
vet_3ba2935d19394cd6bd625dbf9751f30a,2.1,49.0,2024-06-12 06:45:03.977,1,1,0,1,0,0,0,0.2721231155778895,-2.2231822,EXISTING,"aquatic, bird, exotic"
vet_32027e364da442358d64c56683992a52,1.8,23.0,2024-05-21 07:47:30.902,1,1,0,1,1,1,0,0.19155778894472364,-2.234901,EXISTING,"aquatic, bird, exotic, pet, reptile"
vet_7e10d518116240419f6fda44cb0dca6c,1.4,76.0,2024-05-22 10:58:22.779,1,1,1,1,0,0,0,0.12819095477386933,-2.2363658,EXISTING,"aquatic, bird, cattle, exotic"
vet_5342de49183e486d844135f84503eeed,1.2,78.0,2024-05-25 13:23:27.843,1,1,1,1,1,1,0,0.08419597989949748,-2.257362,EXISTING,"aquatic, bird, cattle, exotic, pet, reptile"
vet_b64f6babcf73421eb074ad45e4fdc8eb,3.4,10.0,2024-06-03 19:52:48.391,1,1,0,1,1,0,0,0.5450251256281408,-2.2671275,EXISTING,"aquatic, bird, exotic, pet"
vet_34dffc27bb8d42449dda464df87e33d2,1.4,155.0,2024-05-01 00:16:38.657,1,1,1,1,1,1,0,0.16788944723618088,-2.2778697,EXISTING,"aquatic, bird, cattle, exotic, pet, reptile"
vet_fbe6dc38ed0a4296a7c0b4c96b8ecae9,2.2,136.0,2024-05-29 08:25:48.262,1,0,1,1,1,0,0,0.3383417085427136,-2.2807994,EXISTING,"aquatic, cattle, exotic, pet"
vet_a01719f14fa6449ab00e579b51e8d60e,1.0,27.0,2024-06-02 04:49:31.295,1,1,1,1,1,1,0,0.0135678391959799,-2.2847056,EXISTING,"aquatic, bird, cattle, exotic, pet, reptile"
vet_577021c0acb5485f9e11ac11dbcd370d,2.1,146.0,2024-05-03 23:14:55.991,1,1,0,1,1,1,0,0.32086683417085426,-2.3247447,EXISTING,"aquatic, bird, exotic, pet, reptile"
vet_283c5c413a7041f0b53d4ad96323644c,1.2,107.0,2024-06-09 21:08:59.212,1,1,1,1,1,1,0,0.09876884422110552,-2.3481822,EXISTING,"aquatic, bird, cattle, exotic, pet, reptile"
vet_b9b4d5f7925e472a99ff0f332051c943,3.0,160.0,2024-05-08 01:21:25.761,1,1,1,1,1,0,0,0.5304020100502513,-2.3813853,EXISTING,"aquatic, bird, cattle, exotic, pet"
vet_3d1e21a4afbb4212a9fb9a4cfd553d05,1.1,59.0,2024-05-21 18:31:21.954,1,0,0,1,0,0,0,0.05214824120603018,-2.453651,EXISTING,"aquatic, exotic"
vet_6bcce4785e7244c78271a24fa4eb50b4,1.7,41.0,2024-06-05 19:50:02.685,1,0,1,1,1,0,0,0.1781030150753769,-2.516151,EXISTING,"aquatic, cattle, exotic, pet"
vet_f0e01f59b65048bfb1ec657c1d46b217,1.2,168.0,2024-05-29 03:57:54.824,1,1,1,1,1,1,0,0.1294221105527638,-2.5503306,EXISTING,"aquatic, bird, cattle, exotic, pet, reptile"
vet_f2a064ce05854cd89be6214c7dd066db,2.7,109.0,2024-05-13 01:05:02.142,1,1,1,1,1,0,0,0.43727386934673373,-2.5513072,EXISTING,"aquatic, bird, cattle, exotic, pet"
vet_8963ac57e5954fab8055662af8184ce3,1.2,174.0,2024-05-14 06:06:49.863,1,1,1,1,1,1,0,0.13243718592964823,-2.563026,EXISTING,"aquatic, bird, cattle, exotic, pet, reptile"
vet_fa67971ab8464a6dba81722493ab7840,1.7,90.0,2024-05-05 05:07:59.448,1,1,0,1,1,1,0,0.20272613065326633,-2.5669322,EXISTING,"aquatic, bird, exotic, pet, reptile"
vet_5c3555c9ae17453aaba0d3b515886e17,1.9,162.0,2024-06-01 17:42:55.505,1,1,0,1,1,1,0,0.2839070351758794,-2.594276,EXISTING,"aquatic, bird, exotic, pet, reptile"
vet_410f88e1d4ce45c387e528418ab69cdf,1.7,27.0,2024-05-30 14:15:52.627,1,1,0,1,0,0,0,0.1710678391959799,-2.597694,EXISTING,"aquatic, bird, exotic"
vet_3b592f8fde3b44978adaf88153e48685,2.1,179.0,2024-05-27 06:51:27.773,1,1,0,1,0,0,0,0.33744974874371864,-2.6597056,EXISTING,"aquatic, bird, exotic"
vet_98c3868bc3f34d2288b61d89440a8c5a,1.0,138.0,2024-05-02 10:10:16.218,1,1,1,1,1,1,0,0.06934673366834171,-2.6675181,EXISTING,"aquatic, bird, cattle, exotic, pet, reptile"
vet_6e519dcccb0343519f2683a3b06989c8,3.0,0.0,2024-05-23 11:16:33.937,1,1,0,1,1,0,0,0.45,-2.6904674,EXISTING,"aquatic, bird, exotic, pet"
vet_626d60c73f664fc0ac853a6188bb555a,1.8,53.0,2024-06-10 20:34:54.580,0,1,0,1,1,0,0,0.20663316582914576,-2.752479,EXISTING,"bird, exotic, pet"
vet_e6d1f65994714aa7b71a55eb94aa74b2,3.0,19.0,2024-06-09 04:42:18.710,1,1,0,1,1,0,0,0.4595477386934673,-2.7554088,EXISTING,"aquatic, bird, exotic, pet"
vet_bbf3ac4eb5a74504a0ec562d8f603189,1.0,170.0,2024-05-07 22:02:45.898,1,1,1,1,1,1,0,0.08542713567839197,-2.797401,EXISTING,"aquatic, bird, cattle, exotic, pet, reptile"
vet_8e8fde053b6647fd96302945609605ac,2.6,161.0,2024-05-16 04:15:30.561,1,1,1,1,1,0,0,0.4409045226130654,-2.8393931,EXISTING,"aquatic, bird, cattle, exotic, pet"
vet_d7d6a7ffc50f444eb447cc51c8589d62,2.3,70.0,2024-05-01 02:59:35.769,1,1,1,1,1,0,0,0.3276758793969849,-2.8559947,EXISTING,"aquatic, bird, cattle, exotic, pet"
vet_3f78194d3f7c45dbac1e8cf51c4b3e18,1.0,197.0,2024-06-11 10:40:51.600,1,1,1,1,1,1,0,0.09899497487437187,-2.8852916,EXISTING,"aquatic, bird, cattle, exotic, pet, reptile"
vet_de8cbed4901545c6ae69c91998787e42,1.6,120.99999999999999,2024-05-31 14:43:56.277,1,0,1,1,1,0,0,0.19580402010050255,-2.9219127,EXISTING,"aquatic, cattle, exotic, pet"
vet_0d5d479eb9fa4b7e891b1d13855d1489,2.4,120.99999999999999,2024-05-18 20:36:42.277,1,1,1,1,1,0,0,0.3758040201005025,-2.9253306,EXISTING,"aquatic, bird, cattle, exotic, pet"
vet_4d8b19ed111644f08406f872a0c23377,1.6,108.0,2024-05-30 19:39:45.378,1,1,0,1,0,0,0,0.18927135678391965,-2.9643931,EXISTING,"aquatic, bird, exotic"
vet_e508cefd6ac74745bdafc11a10806b5e,2.2,74.0,2024-06-12 00:30:40.546,1,1,1,1,1,0,0,0.30718592964824126,-2.9878306,EXISTING,"aquatic, bird, cattle, exotic, pet"
vet_eb245cb6ca444079b6df57f7f35c27e8,1.4,49.99999999999999,2024-05-13 22:21:34.600,1,1,0,1,0,0,0,0.1151256281407035,-3.002479,EXISTING,"aquatic, bird, exotic"
vet_984e1e8336de40b582171de713dee61c,2.3,134.0,2024-05-20 16:28:16.704,1,0,0,1,1,0,0,0.3598366834170854,-3.012733,EXISTING,"aquatic, exotic, pet"
vet_9109a78056c6497c9cba0222030dd2f8,1.1,52.0,2024-05-14 22:25:46.723,1,1,0,1,1,1,0,0.04863065326633168,-3.1050181,EXISTING,"aquatic, bird, exotic, pet, reptile"
vet_dd720816e13642b994d4d74a1c0220d7,1.1,66.0,2024-05-16 13:07:56.872,1,1,0,1,1,1,0,0.055665829145728665,-3.158729,EXISTING,"aquatic, bird, exotic, pet, reptile"
vet_ab53b7ae567f4cf584823505dc47e0e5,1.6,127.0,2024-06-06 04:59:38.783,0,1,0,1,1,0,0,0.19881909547738696,-3.2231822,EXISTING,"bird, exotic, pet"
vet_18ffc0333d22445d8311a08a9041dc30,1.3,123.0,2024-06-03 06:41:29.832,1,0,1,1,1,0,0,0.12930904522613068,-3.2480845,EXISTING,"aquatic, cattle, exotic, pet"
vet_1a66c6bb623b46c598591f1602afbe65,1.2,152.0,2024-06-07 09:05:26.040,1,1,0,1,1,1,0,0.1213819095477387,-3.3423228,EXISTING,"aquatic, bird, exotic, pet, reptile"
vet_964a0b159bda4757aa442f0489b53218,1.9,96.0,2024-05-06 05:59:02.450,1,1,1,1,1,0,0,0.2507412060301507,-3.3852916,EXISTING,"aquatic, bird, cattle, exotic, pet"
vet_3fc8685d1e63497aa9ad5d4a042086f6,1.2,142.0,2024-05-30 11:21:57.835,1,0,1,1,1,0,0,0.11635678391959797,-3.4214244,EXISTING,"aquatic, cattle, exotic, pet"
vet_968e0c17350541daa6fb319973691cd2,1.9,104.99999999999999,2024-06-07 17:02:48.404,1,1,1,1,1,0,0,0.25526381909547735,-3.424354,EXISTING,"aquatic, bird, cattle, exotic, pet"
vet_61b98b6f229842c7929749c1421c5d65,2.7,115.99999999999999,2024-06-01 12:45:15.350,1,1,0,1,1,0,0,0.4407914572864322,-3.4253306,EXISTING,"aquatic, bird, exotic, pet"
vet_7ea1d854af934265861583dc04ac16e2,1.2,197.0,2024-05-16 16:20:44.733,1,1,0,1,1,1,0,0.14399497487437185,-3.5112681,EXISTING,"aquatic, bird, exotic, pet, reptile"
vet_26824005655340e383dac51d553c7a69,1.4,148.0,2024-06-05 16:20:39.308,0,1,0,1,1,0,0,0.1643718592964824,-3.516151,EXISTING,"bird, exotic, pet"
vet_36e8aa070b834aeb9aed19922d58a074,1.4,184.0,2024-06-01 04:37:19.697,0,1,0,1,1,0,0,0.18246231155778891,-3.6426158,EXISTING,"bird, exotic, pet"
vet_0a2d26ae31f048e3bf85a93cc7e56bd7,1.1,110.00000000000001,2024-05-31 12:42:24.210,0,1,0,1,1,0,0,0.07777638190954778,-3.7344127,EXISTING,"bird, exotic, pet"
vet_9ceb206819c84017af097bd52f90bc60,1.2,143.0,2024-06-02 17:13:51.834,0,1,0,1,1,0,0,0.11685929648241206,-3.736854,EXISTING,"bird, exotic, pet"
vet_7c3ff1e7bd6e4f3c9e6d57ee9af51c90,1.4,52.0,2024-05-13 05:17:57.480,1,1,1,1,1,0,0,0.11613065326633165,-3.8169322,EXISTING,"aquatic, bird, cattle, exotic, pet"
vet_2941dc48f40d4a7cbaf673b788fa7659,2.2,118.0,2024-05-01 21:58:10.338,1,1,0,1,1,0,0,0.3292964824120604,-3.9888072,EXISTING,"aquatic, bird, exotic, pet"
vet_3301def3d56d49dcb1ce2fab97cbf008,1.5,140.0,2024-06-05 09:36:49.294,1,1,1,1,1,0,0,0.18285175879396987,-3.9927135,EXISTING,"aquatic, bird, cattle, exotic, pet"
vet_5a117ee0b2ab48f785034a14cc7f26e3,1.0,14.0,2024-06-10 04:58:44.908,1,0,0,1,1,0,0,0.007035175879396985,-4.058143,EXISTING,"aquatic, exotic, pet"
vet_75d2acea0aa7443ca7760ba78452b8b8,1.5,191.0,2024-06-02 14:29:06.492,1,0,0,1,1,0,0,0.20847989949748746,-4.114784,EXISTING,"aquatic, exotic, pet"
vet_62bc1618cb5c4c418bc8dc72bd827628,1.3,107.0,2024-06-10 10:53:54.470,1,1,1,1,1,0,0,0.12126884422110555,-4.1157603,EXISTING,"aquatic, bird, cattle, exotic, pet"
vet_ddfea15bdfc94b59960cc8375f2fc0b9,2.2,191.0,2024-05-04 16:22:50.772,1,1,0,1,1,0,0,0.36597989949748755,-4.2319713,EXISTING,"aquatic, bird, exotic, pet"
vet_4c2f30138bb4466d86b7994f64ab8db4,1.0,84.0,2024-05-01 15:58:31.476,1,1,1,1,1,0,0,0.042211055276381915,-4.3589244,EXISTING,"aquatic, bird, cattle, exotic, pet"
vet_71110656e8ba49428b5b932a1d125074,1.4,93.0,2024-05-05 19:51:52.464,1,1,0,1,1,0,0,0.13673366834170853,-4.7964244,EXISTING,"aquatic, bird, exotic, pet"
vet_30941087589b4326847643e61ae4094b,1.3,65.0,2024-05-18 19:13:27.320,1,1,0,1,1,0,0,0.1001633165829146,-4.825233,EXISTING,"aquatic, bird, exotic, pet"
